x1,x2,x3,x4,y
-1.254598811526375,-3.1486707116138035,-2.3829431626409403,1.72702994208898,4.474509844856369
4.507143064099162,0.41900947378358144,-2.530212009280002,2.966813971913723,16.006308748983667
2.3199394181140507,3.7294583587640826,4.062545805210367,-2.49532101207501,-1.6294339387577417
0.986584841970366,2.322248864095612,-2.504538001504939,1.2487409960699891,1.7879290877789114
-3.439813595575635,3.065611478614497,-2.28050273871369,0.7174598314374869,5.071840455868889
-3.4400547966379733,1.5878336671071736,2.5939826241796373,3.328303767882711,11.901715302290738
-4.419163878318005,1.9227656451785247,-0.5026015754946,4.060870604812605,20.84907482264763
3.6617614577493516,3.491956515653193,2.767105569551812,-4.878432285226132,-20.019870210209326
1.011150117432088,-2.5033199114081404,-4.346338424356148,1.7401991905879266,0.7853315499512303
2.080725777960455,-0.10575036356859524,-0.12428806326615693,-4.48164200880271,-15.52204225096148
-4.7941550570419755,-2.7879055818039777,-4.663863998167174,0.48858665077355923,11.32204079507806
4.699098521619943,4.87668007996647,-4.373467965446455,-2.123672709563218,8.293282858878086
3.3244264080042174,4.440593396866133,4.064374533444109,-1.932234004778588,2.1916033015344354
-2.8766088932172384,-4.605731886314941,-3.6075462888240484,-1.4704149654764342,4.718088974407904
-3.181750327928994,2.0557517251568846,0.32420682275217105,1.2129244904961012,2.784391196888615
-3.165954901465662,4.252483174156659,-0.8890439739929346,-1.659500343312308,5.649657710492107
-1.9575775704046228,-3.1942465487266647,-1.5265667374115732,2.326990505902804,2.4316980450306924
0.2475643163223784,0.6794523055262947,3.9983334568727247,-0.9547261442613031,-1.6482733893490895
-0.6805498135788424,4.154882975880419,-4.781766032245105,-4.316467996900414,-18.78679289056941
-2.0877085980195806,-4.660540214142012,1.6378968617558909,2.8375984248410724,5.74610783974758
1.1185289472237947,1.9742026724683992,4.633944342135504,-2.14241675407294,0.6094614573910544
-3.6050613934795814,-2.0265099262744926,0.6016818346184194,-0.6723312040073737,7.468707328571372
-2.0785535146478185,4.243961953765304,4.368224620330919,1.8544388322190153,5.392498610724015
-1.336381567063083,4.710582451653678,-4.477421207139763,-1.6754384285128798,0.9966203304654796
-0.4393001578296407,4.442664891134339,-0.812066809258386,-4.4341434385328435,-19.54734312983535
2.851759613930136,-0.2578578334253623,-2.3984220903794884,-1.260789529871864,3.003860253234981
-3.003262178416403,3.620426509893134,2.308209649807298,4.444485826943034,20.50818310150807
0.14234438413611605,3.445493985350704,4.812970904972467,1.417343972985582,3.240731008871659
0.9241456886204247,-1.8089952675674437,-2.434699375557522,1.7147914866720693,-0.9580824169856783
-4.5354958728000225,3.2891547415067732,1.5417460147407447,1.3228215363763984,12.535706441518549
1.0754485190143837,-4.629923652845074,-3.0190236724025987,-3.010078610405632,-3.090405043299433
-3.294758763127085,0.9626987848205304,0.653302545716099,-0.8166613589771987,8.978025921720873
-4.349484070147205,-2.6999116271229697,-0.360675133116638,2.509397983633183,11.800007740752067
4.488855372533332,-3.794331142227212,4.7200532963153705,-3.9862710244684085,-1.1690980838811131
4.656320330745594,-4.230467983707909,1.0852727269646656,-2.2214722391028774,13.211397226686094
3.0839734811646116,1.9628877587813975,-1.5049362791318122,-2.236808915341464,1.2818713347438477
-1.9538623082662931,-1.6012503623193386,-3.8590421511206663,-0.67981072405494,-1.2241254371300787
-4.023278859936161,2.2476677152876148,-3.4875317126506546,4.803687409421851,26.502780241790425
1.842330265121569,-4.346436592010576,-2.7468307004876493,-4.324974533161781,-13.057565342193492
-0.598475062603987,-1.8470966216938967,-2.49033338659702,0.18700994380595026,-3.58590616659168
-3.7796176515522117,0.39491292375337217,3.506160578411378,-3.2063531798778957,-0.19459479512721212
-0.048230898887298146,2.9072316483896357,0.6122278828252492,4.706765454097441,21.730187949682954
-4.656114788847816,-1.8124749706793009,0.2339091137436644,-3.866964952725358,-0.35481508669924344
4.09320402078782,1.258913764370091,-3.8523112813078253,-0.9639899763840876,9.048886626350725
-2.412200183999831,3.8597774823618716,3.6013969334943496,2.3788498483460616,6.046281912752805
1.6252228435398197,1.1586318818230457,2.228143032084837,2.045544280274453,5.590220576957453
-1.8828892391058905,-2.670405252463662,-4.323316380999984,-0.7727136310606775,-0.2242721712898761
0.20068021177810813,-4.75599218443462,2.0783509722976867,-1.5347583204728177,-2.0568734612029083
0.4671027934327965,3.700988739009299,0.4353821734264607,-1.0238762144712943,-1.6508968758185423
-3.1514554447447294,-4.787305891496128,-4.182746542532217,-2.357237368413607,4.006589382677191
4.695846277645586,3.747016726841994,-0.4169935847134354,-2.946670612932002,7.70917309025746
2.7513282336111455,0.28937134027211986,-0.15303712869953023,-0.1696030244111002,4.686378430665012
4.394989415641891,4.3906769851289615,-3.3422545983672425,-2.314662439323927,9.544717420485537
3.9482735042764885,2.9878323577366537,4.456981470002823,-2.125383351027499,3.518170643460249
0.9789997881108514,4.979341105333375,3.4997537148066193,1.5675606347455706,4.584045043284023
4.218742350231168,-1.4928818454828985,1.6902233732910832,4.685373316998922,32.516711380291966
-4.115074979480805,2.671882889311269,-0.377044389993928,1.0363720055937509,10.160791618367794
-3.040171375808548,-0.9806908639075784,-0.8823445841549149,-4.230205329350337,-6.954679054838823
-4.54772711089462,-0.20124379696091155,1.5097346715095417,-4.24416386145933,-8.262298140890017
-1.7466966923673566,1.2750546321837009,0.4543186940690547,4.51423220845566,18.875047204882964
-1.11322710310518,3.7367711418633878,-4.377268941181144,-2.0270920969266637,-2.5168754175237407
-2.286509682261041,4.840834691992951,0.12502648770331692,-4.079330139175246,-9.519751124599253
3.2873750915192934,2.682734138645182,3.064036172328395,0.9904458715038156,3.497458134268742
-1.4324667330641072,-0.8223321783266624,-0.40760122403041943,1.236487782902661,2.9190645074099093
-2.1906549031261924,-0.7864299772292982,-4.480434224457316,1.4850482011868815,5.795572344036376
0.42696083158248466,2.3758230158889146,2.862781993840331,-2.325979721424587,-1.0352409921391732
-3.5907577502523735,-2.6122285423169767,-2.986362178640256,-4.848893157855249,-15.786934490336757
3.0219698075403967,-3.8952588686860534,-2.4137916511196122,4.650153694544718,22.701323099123414
-4.254493563202292,-1.4537784235922346,-3.352936465677041,-2.491069543088975,4.265025533685777
4.868869366005173,-2.1276100834591825,-1.6978493512850246,1.760262880525475,15.443026114414316
2.722447692966574,-2.036918795440099,2.56751505688635,2.0662986987870955,7.02900850973987
-3.012843184658276,-2.6639224895009006,0.19385859503937342,1.100074170794857,4.726826840543834
-4.944778828763976,-4.579068103636381,-2.951187258492874,-1.8709260578635178,10.079815179751527
3.154614284548342,-4.8212606526658615,3.778300781520408,-2.2890374623593424,-1.4745905907031003
2.068573438476171,4.877223897360316,3.7958185495152916,0.9766828270270311,0.1841265728998316
2.290071680409873,-0.7222686626413766,3.705784250460069,3.6609563361169153,16.25831995122965
2.712703466859457,-1.1567335284031832,-2.6120378861846074,4.467337289233956,18.9494905047046
-4.259553482659096,1.7964728269306984,-0.487606558190119,-3.9409419559624235,-2.7905148479877124
-1.415342714557274,-2.8174611213493583,4.849896561408751,-3.4517138740228015,-5.208485266468942
-3.841309404748703,4.499611839502253,2.7201247630999035,4.4473625878307965,22.46089079151098
3.6310342587559354,2.8634501441555207,-4.728325787744402,2.3653522833479257,9.608403684820713
1.2329812682755792,-4.105889976877405,-4.347954087395079,3.8299382482977307,13.871786390016142
-1.6910197514735081,-0.8241922421507164,-0.36068623187667237,-2.973673658646568,-3.804309100956126
-4.364416497139763,3.791183075621647,4.092202058615602,0.8758587110940186,15.395251024248843
-1.890176782843378,4.447320222914103,0.38701797952714223,2.0113959441747364,0.07669202050806412
-1.7481667797325295,-0.3259848875013027,-0.021874919657097758,1.8011188544697265,4.814077009999382
2.2960617833806407,1.134113892107077,-3.945263000433694,-0.9184830913330189,2.135377859194569
1.3755747135521312,-3.3296605390792475,1.5678010472429404,-4.846051083086915,-20.271194121255306
3.8721274257632654,4.911686261369765,3.2210316060022546,0.8292605680426313,8.493351739472692
-0.27785074838050705,-2.6832829861655663,-1.1957999249243767,-2.4689846082039124,-4.437841120509941
-3.804057540616983,4.427317741351256,2.756118509253275,-0.49745753857109665,7.668799104349396
2.13244787222995,1.4964664899236846,4.644766539008116,4.575810150838173,17.719561915896456
2.6078504861689744,1.0773679487885912,-2.962335408723109,-1.0096468235756528,4.401092969831209
0.6127719756949623,0.12688511016508586,0.23329631194741296,3.398016066644267,8.631109145185274
2.70967179954561,-2.6933018828224133,-2.1286204191542444,-3.1145939425074887,-1.0942644749121122
-0.06204403635609257,-3.2347196799449174,2.9285441903383935,1.7246049802502883,3.144046909502033
0.22732829381994057,-2.7951379092982465,0.775933658811575,4.770069544389434,22.468294772769887
-0.7245898164145037,-3.1356173785574546,1.3458241755030376,-3.9810689912706323,-12.060427038084656
-4.745808732559048,2.795844735667533,2.9791415961589407,-4.91680057772808,-14.273446324151955
-3.9210857300669555,-1.498747408332699,-1.0402952733754511,-0.6641720736738566,6.204418603415164
-4.685708143132658,-4.421573234366036,4.150900684070432,-4.073745169486328,-0.1696862358672271
1.364104112637804,4.6910263014081135,0.3302886724613996,2.4838434967623133,6.867864644748822
-1.8564401892367333,3.837858849634257,-3.42045177164652,4.14548663848559,15.495051098261646
0.0857069116470277,4.27752283195213,1.9589911816880246,-0.6597902729124117,0.03823392871380232
4.07566473926093,4.949078226464353,2.932613504382544,-2.4128835784455904,3.68672768793695
-2.5070777085112503,-3.2610475078051273,-1.8323832293247333,-0.6559668099339022,5.431781494886497
-0.8961707696437027,-1.0375798109734125,3.5717925699875295,2.23447817850001,3.9636966422068465
2.5555113854304867,2.582384757040913,4.061432547657664,-4.90945838419629,-16.518566573936113
-2.7120183450837754,1.9602061805379223,-2.230955126221911,0.8945398948469718,2.0640380528995443
-4.23020090171207,-3.4610409366014494,4.835214727152221,1.1329168488737906,8.482103924374837
-2.1024854708623195,3.158331249906178,-3.5928847195124156,1.376882468959355,3.195174648248406
-3.387787127459956,-2.7555942816333934,-2.9798433159751,-2.579779200191228,3.5977092495846943
4.29697652342573,-2.7618238517737694,-3.1577516076197387,2.1405272337812677,10.762186215185292
3.0812037956441696,0.3697442289341357,3.939897100078704,-4.086085136682236,-10.643344229105761
1.3340375651042347,0.9293993484170315,1.5429255232496186,-3.0072966353319917,-2.786854571683765
3.714605901877177,0.8008620783781117,-3.4789571677772715,3.774700466544819,19.098080183065782
3.0367207689911444,-4.085131626022451,-0.5967658163165102,2.3872315072656636,5.4991947555986975
-3.134299411139642,3.7746086263038037,1.1529802506980202,-4.862544459886547,-15.371527555579485
3.9255899848997777,-2.3439995741129396,-4.165359150106167,-2.5162373963019977,6.859239211267658
0.3934224191565072,-3.7048507871719583,3.8241636840733872,-2.8559351700683546,-4.312826735576607
3.0744015516406256,3.887480798689772,3.0360353544153518,-2.2919367196302742,2.477271409103321
3.9609129992349326,4.556514982297534,0.05206773576638235,-2.524402297201136,5.735126707141175
-1.8199652502813612,3.621276172654506,4.671266152591704,-4.374737042571542,-16.812296539185436
-3.8994807547232324,3.095160747248781,-0.822390207249003,-0.41059483403179664,7.6491937545124875
-2.720648374580583,1.5524198063902173,4.841103190364978,2.3273347478616513,1.9173923944381421
-0.7289221137374369,0.5085737060913931,1.6791999880362707,1.0673172471743642,2.261745341444382
3.1801476592249314,-4.130132400885898,1.3467127325394146,1.7287166859807979,2.9669237330905243
3.6073058325634344,-0.9154678692930129,-3.34045104704215,-4.188508214637609,-5.183136092569386
-4.930478694688093,-1.2731148298768602,3.81927758304644,4.514907101767872,29.901291839014018
0.10747302577565732,-2.4024621623967377,-0.7251031207938485,3.384918338430248,7.339098182332134
-0.8258899685122101,2.2342011368858494,-3.3776659421752067,3.050903184956627,4.765146927668115
-2.7789218952926973,-0.041242649212291926,-4.87392480024241,3.229838050417675,10.023765390774333
-3.8013463266631717,-4.189537840923521,0.5975568363838257,4.3271050813276135,26.266182881323243
-1.6238482859637204,-2.7981679805018866,0.27399622122676326,0.44253966113697696,-3.6398421720747556
4.429097039125192,1.8325876365959592,2.1935362236915856,-2.997179821323741,6.977595716373971
-1.7679706797924477,-4.238691405096998,3.9025805301780214,1.1678360785254116,2.5574556943702422
0.18790621743366098,3.5120691404876867,-4.205934153569705,2.42881493667939,0.4691959165655639
2.0301895889517785,-0.04853472986025675,2.3149649034036237,2.3791739335402537,2.6036579692670454
-1.3637039762070602,-0.19413422673352,-3.1258805590241776,0.21449024166880104,4.28460389212518
4.717820827209607,0.924077846595176,3.5817705315716397,-4.315412806664219,-6.8351003813605065
4.624472949421112,3.2468096592514915,3.1906351386165612,-1.2888706156987217,7.9579628668655555
-2.4821770417463584,-1.5219079209780695,0.40793754985544384,4.207666084633574,20.254116545394048
-0.027514941076145494,1.7801615255906356,2.102427986233115,0.8444890975742603,0.7979357676114391
-1.9912169018323034,0.6573196399579107,-1.856498868162516,0.3833194325571343,0.11788573719860262
-2.151595056225324,-2.3297172983057868,-0.2883210106718537,-2.311464856178065,0.2779594476523224
-4.6311305264546725,3.78629986355158,3.2163689771047164,-1.315510800834211,8.21686325461553
1.0956433397989684,2.974260216069281,-0.407348028267861,3.9534608915316927,15.160262492548183
0.02679023228861488,1.584518346584255,-1.4220173467455821,1.6646304752683572,3.045637206001686
-4.485212487500107,3.505817290942419,-0.05787552749700109,2.8738702675233285,15.86971173597715
-2.2135353576338854,3.6729420095980236,3.2824925243721834,-0.4565457693234487,3.15415957645955
4.082658859666537,2.083629767150348,-1.6479195262912727,1.3024721945615791,12.29833950741075
-2.604381093330276,3.3701332836367204,-3.262384068642562,-2.516163912567925,0.2047656695548006
-3.551051279087769,1.9747146166928364,2.1201402033078076,2.054608302834863,5.6759053185244195
-0.10547239722436985,1.801407717603004,3.2597821270808183,-0.723986662966627,0.8286135486471555
4.856504541106007,1.186113782151843,-3.9936252147646667,-0.5745448518525442,15.926980621528328
-2.5794472848849956,2.5271663955764123,-2.6012588724405528,1.4932232457688166,1.9631478128809334
1.7213554740587855,-3.413948947069263,-3.580280102390061,4.362806214689266,17.367005616905793
2.616196153287176,3.8087075919892843,-1.5205858841783337,-4.359936533913791,-12.320514099149397
-2.6236245600760033,3.71843527745232,-0.49649021094587353,3.247432373470076,10.183258737363303
2.2821634861185958,-4.7075271696544085,2.4882633696330645,-2.0761688958780686,-1.1503278448419405
-1.3221686728074677,3.2581675056476267,1.5114758488167412,-0.5608054549362218,3.0825057396497915
1.3230583059357948,-3.711301325265548,1.2092856747843117,-4.78086671224991,-16.339631262958633
1.335297107608947,-1.648811457408581,-1.476250533903456,-1.9895392216568697,-0.2912531156543487
0.3577468407475848,2.4350825629160777,3.414475530847599,0.026312426301304814,-1.7441415349906364
-4.097102299455917,-3.392401039516918,-0.28712832601835436,-4.43823922652561,-12.189655771793912
3.35302495589238,3.179670241190622,4.791049380151545,-0.08904270616834853,6.137198942998166
-1.7921993502826417,3.321341779577419,1.3414213829573685,4.271106288584273,19.396746187523284
-3.1348148960014575,0.07467733760836204,-3.737352584354973,-3.946067818921948,-6.425332810644655
-4.592248584452361,-4.936141282831664,1.76177562075434,2.6444072807550434,14.23797562416824
0.9089294318824181,-2.129618668250872,-1.7489598456830102,-0.9032894662400737,-0.9128714783366304
1.7756436184228241,1.169269183757422,1.8632719668609743,1.5517371452433804,0.1394097667398757
-4.834121710721439,4.811861780274235,-4.303588518375943,-2.3976340201477067,10.597237777783008
0.12093058299280979,1.3181352701666837,-3.251185628240406,-3.4050773745864173,-6.06121394124209
-2.7350422480206205,-2.4019641893584023,3.5573725890578634,-3.3953738572877357,-7.1799882369400025
1.4517279040944986,1.3400570309961135,-2.728204429764851,-4.295080543568553,-11.613451055126735
-3.2563357099500854,0.39985379715855474,3.3704112524294008,-3.14353295098757,0.23725115517915096
1.9093773810246595,2.798453951511436,-2.207239115455896,1.6421938498896826,5.5077841671553465
-1.132646536994626,-3.9301936117304157,1.4288191005870765,3.8169061184350808,9.078715830841373
4.367299887367345,2.6102790250202803,1.94150573509831,3.1412568559116183,13.004272876723237
-3.6247905585400675,0.41266578676110277,0.12654753145052933,1.851343098744841,7.540699733207916
-1.589336489497415,4.629920038589947,-1.9468932330326871,-3.895681365888973,-9.555867679184741
-3.8652647875941093,-1.5812783396131391,-2.873556236289039,-2.1081255370405017,9.189074115971795
4.246936182785628,1.3262189313394812,-4.668106454375738,-1.9019312467753102,9.054403964127141
3.77339353380981,4.320281055100175,-1.960535987592762,-2.5004305360237877,3.5072720387277094
-2.420583722848444,-3.9749027200932074,1.53162790531283,0.15005659709723118,0.8775501286767717
1.5998404603417904,4.372284872364512,4.383048184484827,0.35553814879672574,3.7487344235497293
3.172222002012158,1.8788572230081335,3.7120448226305203,-1.431140248288898,2.515843831448933
0.5520081159946233,-4.321629408948281,2.660647765353026,-1.4621084126356398,2.784165918133818
0.29650578356006485,-1.9903643305318375,2.884473432532987,3.2855559790608133,6.568623792009117
-2.581477090995483,2.081720886452816,1.6498490347599526,2.8929284831968562,11.355380197438961
-4.068972321941008,-4.326493985312283,-2.39713142433997,-1.9220416831925435,8.216032178147081
3.9721575795332678,0.8217046017627327,4.071950307058298,4.137884438732593,21.784870930592987
4.004180571633304,-1.5411694304704326,1.7073231190583404,4.528150170025061,25.547106875290147
1.3310145727326794,1.209155177674771,0.6044063098043995,-1.7325745796995917,-0.8361894177837594
-1.6097020895129932,-4.542579661874871,-3.8901053078651895,-1.4557505120694514,1.5351957147355932
-1.507904253873391,3.7153680615237628,-0.5294445619357457,0.05634153421958832,1.2912363816182157
2.259556788702394,4.734889691773969,-0.39641728798073705,4.411208125336735,18.532501132331443
3.971102599525771,4.688778552856915,3.6456360952267,3.763194331423115,18.21215944148751
3.870864242651173,2.4965183174292473,0.4664822018778847,-3.974320374164102,-4.906105816807892
2.7987554585762386,-3.6991375986936803,-1.1959945102959035,-1.0726925672858378,-0.5878150208977244
1.4203164615428776,2.582631959290226,4.768003285106594,0.5337118974977184,1.9553910499373484
-4.158600350049512,-4.754130835411985,-3.892794066736843,0.03132472551540033,6.687542133687238
-3.3837128590538623,-4.7787644847100275,-0.7745157168805539,-3.0613693206310733,-2.320128155630022
3.9855418852707922,-1.7638978085045875,-4.579753248285947,3.588167711681547,13.807077566708132
1.0642905965958993,-0.1135680959533425,2.3990412076693035,1.7694078299683735,-1.9134939120647352
-4.908029483833704,2.7040741780779323,4.180765521991506,3.3790837485180356,17.050097229193742
-3.9852845713396787,1.832953766065052,-2.1996267044951057,3.587642793494722,15.758644460036217
1.635017691080558,-0.5409729362325166,3.583416767991209,2.4835585366573976,8.306908806269927
-4.949384161537813,-2.263733337183341,-2.0778176953810226,-0.6078939875028266,11.151514804352903
-3.3919194858250137,4.9712450015771115,4.107701616439153,1.1054675501542455,6.378248315906355
0.4873378936658612,-0.7381869776402705,2.5396190359678394,-3.3963459388025683,-6.915770775875691
1.9189519769269325,-0.4861297567032452,3.0490677684143863,1.736454174749077,3.150495430156812
1.5196125950260053,-3.363761788083308,-4.8199344439954555,-3.2074674426071925,-5.5998628170129505
-2.757306905394402,2.9480954874992937,4.62810357074026,1.939495905101568,2.8699219268938556
2.1217922134753584,1.9368222578148864,2.2667099207032324,-2.7040183924603136,1.198653574627658
-2.6275091250319993,-2.792303872112396,-1.9524890461386668,-3.8244869984978003,-4.121630021048537
-1.7460030184073227,-4.1761895438415735,3.293946648588469,-3.3471550985704255,-9.340989237583498
2.4649140511802416,1.804993020747131,-2.1847880158507005,-4.9800786478092975,-23.712525258679992
1.4963289904721466,1.5451121428113523,3.7275383956612798,2.1873961785353027,2.653087331473354
3.4922341049417795,-2.2674047300179065,-3.87419609588063,2.324010490583791,6.679181572627098
1.5761289230034337,4.508635622504103,2.0368597746079575,0.14933349913259453,2.254688340034894
0.6830860333547162,-3.4894210821909977,0.4069847664491033,-3.386371989446163,-8.989895627173743
-4.063252321719075,-0.6766519895739809,-4.034655298045592,-4.164456624893102,-1.859461682079739
-1.3228419694056648,4.436159201675989,-2.58106171741161,-4.80871033562713,-18.98297769062887
-2.3479763231827455,-0.8027268307387769,-4.8759596372268525,-3.342518230347793,-4.287164465430861
-2.5601035662091642,1.3852594766408555,-0.3123203453549417,3.9085553498314676,17.273085183285083
4.730105547524456,-1.0240560203720572,-1.9873473923999962,-2.5846315829831825,9.945516665806624
-1.069022753332396,-2.2578479765132995,0.9835748429775881,-1.4572867278278434,-1.1754536309500496
3.920465551771133,4.8397764795982825,-2.027621922913828,-3.9465451551866684,-6.241070168012349
1.311386259972629,-0.9066599368495698,-2.0008088849301533,-2.776386952518297,-3.2641052317696166
2.948113035416484,3.9409920367913442,2.431931987316034,0.1922457078020512,6.070378503013494
0.02637093105192112,-2.700453941089138,-4.518571640216465,1.0775268309565256,0.528684048194459
0.7690388462635911,-2.868952959749167,4.028949951919873,-2.5464768583378894,-6.160831036076406
-0.074823061811361,-4.688659171154886,3.5226387439118145,-4.422678407748828,-18.90444213863982
-3.047570122019555,1.5166682537588505,1.6780468322640651,-1.0896713087260135,4.237124537336241
2.2245211526150532,-1.3147365627623886,0.932215701073843,-2.657966290736659,-1.4326760008087616
-2.192276375591442,3.6435824983963707,3.923024981396522,-2.804460767701981,1.9367053086517365
-4.756840335685462,-0.2679009330844284,-3.1466982047128553,4.598628027134552,27.991575731962214
1.4547229590716781,4.681934279147217,-4.210308378091714,1.1630048592572406,2.3838994204017796
-3.2288932059295106,-3.1447448429687883,-2.604898300904619,0.5687844317209589,8.227904026407248
4.4045858435291425,3.6862316795561076,2.9457827870019027,-0.8422489647667808,14.123592244202978
4.539285770025874,2.7659685279174173,-4.653297332735167,-0.7105566656985574,9.422012103462613
4.148643902204485,2.70921844644052,0.8280683508348963,0.4090500383808082,9.602170627786322
-1.298412997445556,3.4478322811688766,4.9543751619131,1.9642980703610724,3.498294691233313
-4.845433834711326,2.610239909429989,3.5569609383753944,2.0214609618182946,13.782138959079148
4.283185625877254,1.2622032163141539,0.21445689043589455,-3.2830609229455043,1.8978619259137088
-0.7181585168268567,-3.6875512231761243,-4.363590907133577,0.0011275207662697628,1.1298266069322511
4.666548190436695,-4.674738205087481,3.313735143857098,-0.8804190496589803,5.68735463642818
4.636199770892528,4.208478478156868,0.9897850817721054,3.705269662693842,22.285259824517155
3.5300945546736004,1.1665031452073804,-3.8506700294043315,1.314189212183764,6.9370850626188805
-2.055511079304143,2.965372909761763,-4.061427151766438,0.325040664159818,1.6744813074280993
-1.1490227139807474,-0.18477648487449927,4.0962681943659245,-3.8460535782108263,-6.6244124719703255
3.511366715168569,-3.826918110376055,1.6920026293807844,1.0563788932341145,5.050750391277607
-1.8307799484372234,-3.748142077974496,3.2928679931675555,-3.8279609431976658,-10.3487148889535
-3.305072533139075,1.8556528722897137,3.7897890028226735,-1.6279342443424794,8.581998361086763
0.5680126245835015,-0.6969410510053731,0.7177235204832222,-3.5715803518566815,-10.614752245143602
4.36154774160781,-2.994752732996633,0.17446351755041278,1.920736470243689,9.828525964544164
1.96029796674973,-0.08405453258563123,-0.6957258967900981,-2.937478861638474,-3.442039769738742
0.7006117008936497,-4.357910629248659,-1.8305341220888072,-1.08140626811974,1.6739694972581858
-4.028235062292315,0.8197140191439878,-0.6540403914128823,3.956747776187787,20.918196153463633
1.1500722669916974,-2.3100659556490233,2.738796557301564,-2.956836166010297,-7.094170407074042
4.900538501042632,2.9755910063718813,1.0192343101513157,0.07805063958779113,10.943396769220994
-3.59915984763476,-1.8963804107642623,3.925232899548461,-0.8072833883397801,5.157044576674829
0.18329652363736737,-0.44779850918198805,-0.5661998562081227,-4.818759589542703,-22.516390704814302
3.7737307192795546,-4.883794600918994,1.0708957871875402,2.927581135728128,12.99051134640356
2.407686177542044,-4.275531122054411,1.3130755309198872,-4.3095409368540025,-12.272594306668362
1.9701574099526797,-1.0750644359331518,0.9169716230632552,-0.257449790230464,-1.6146761728326322
2.024840839871093,-0.20061165282876492,2.0263377308551633,0.6067829493894994,4.222553931034184
-1.4050884878024483,1.0002054811930372,-2.625665316251937,1.2842645661458707,1.9159111431370452
-2.0640815573550664,-2.0833742129069677,0.12363777545790655,1.8863162930787558,6.241654469237124
3.093611554785136,1.9498188612654255,-3.9577519719165233,-2.467276164772849,2.6697279970050634
3.1011339467918075,3.601223971892046,-1.1548867235518745,-4.900212233415506,-16.521695773568393
3.670723185801037,2.798509888933498,-0.1233293137873559,2.2344366235491195,9.901372461598086
4.132405525564713,-4.6038117465164285,1.5222425954547247,0.3565659934757859,11.239905936976596
0.11342398860937797,-0.19493052742171058,4.505310525862035,3.3611770320724874,8.645520698704523
0.015162946871996041,-3.9506982158182513,1.0065106654835587,3.2138836290069426,6.443556106336432
2.9829517896677515,-2.5795498413747255,2.4359391617655977,3.4332616778788316,17.087637420141323
1.4996393077776515,4.8666259326714645,0.06266059495202758,-0.14905340020459845,2.901870969897974
2.0196687725770337,-3.5750445709848675,1.3410403137633131,-1.6637160416313435,2.266002898886157
2.9579266943610105,-0.011118465486439355,-4.2906778386622655,2.9155820259137,6.778906462137247
3.9000534181756628,1.181557343181191,-2.45608419158153,-0.4870588697074507,5.005484458530271
-1.620048431484642,2.0246497054410395,-1.381469067948613,-3.165578035965655,-4.446668824877103
-1.2441704736005599,0.596486834869141,-0.2750664499348643,3.5497401956147434,10.010833112134994
-4.06018060159131,-4.902291525808163,-4.543512544976163,3.8255987677234726,18.211973284219823
0.7828014099617397,-1.7353869175600811,-3.599759024466823,-0.3369024385982988,0.5807065183892619
-4.640577262032579,0.17711643384711429,-2.2318569220869424,-4.243002726902125,-1.3326843184163883
-0.34401981867539844,-4.121335008551666,4.715326909010507,-1.1217391008306876,1.1676832165751614
0.42644634707576623,-1.4937306879081924,-1.6865299289694924,3.0353765946260336,3.4022063959334665
-2.134587478717156,-4.667968912086335,-0.17958941887917468,4.017740285462287,15.026277377484444
0.9083326056901075,-4.214215028449793,-3.0390228726160706,-2.9652725750240414,-6.412033218623337
-4.694997500609506,-1.0307672379840394,1.1078007107576826,-4.330263879747285,-5.9934151213576605
-4.626518112507856,-3.6728424595693965,-2.193167844840257,3.7735045313283866,20.621543713316527
3.2260056065965825,0.6754084826155815,-2.9300742156157322,-1.105950610211247,3.9777213660901327
-1.398093585887371,1.8946496913726574,0.16572628445979065,0.4176096426756326,-1.5183718647682547
-3.7293948734811524,3.0058669910908287,-4.944942008395792,4.680658120507589,27.208179965565897
0.2224326005480437,-2.9984975575518993,-4.923359673507747,-4.334352720857772,-17.38203901832168
2.6999355309861084,-3.3251741774093024,-2.8093119089814222,1.4831800745209556,-1.5615246764614819
-2.8417897250315685,-3.9543215966559977,-4.632786374991788,-4.2589457742513295,-7.306450570514671
1.2289047581900026,1.364302495436367,-3.9197424586930865,-1.2453107153349963,2.5463974937377
-4.14652535006232,2.0647572648690113,-1.611393506612484,3.0381454519344677,13.452850466759303
-4.483182788313923,-4.68413855174358,3.025856795798129,-0.665277672443656,10.028212424212484
0.31354631568147995,4.362122462436898,0.7204864336930084,4.971823539029504,22.28557730177316
0.40635121610106517,-4.480287163485276,0.1266772595641641,0.5905928494660218,3.5152061580368383
1.3742990149820655,0.41296335301070464,-2.0651117679187836,-1.788378473640465,3.594972977334957
2.2609133372266155,2.0906051945091644,4.317537194328164,-2.7988867409524687,-1.515913295547613
4.758520794625346,3.7096912374608557,-1.0298495876280833,-1.4947946571383819,12.700824219848286
0.1630034830119531,2.1408693213242778,-4.129072332042285,-1.274667262404492,-0.05035129015199702
-1.7704352705875404,3.017280830697918,1.1706651611780128,-4.31286322276039,-17.150762266311077
2.9518619476870365,-1.6054980745719394,-3.861616065233986,-1.3042580057322684,3.0893659660434705
-2.291677487379258,3.148251137465122,-1.5477685719830792,-0.3576148026077508,2.880601833427561
-0.6102857929436389,-4.198851536153248,0.07411938717808875,2.2273775223880463,1.4872267440367328
-4.215436186577341,3.9481665606052765,3.742225246851758,1.5672948472160797,9.217629297481546
-4.746492565845425,0.4759237615373624,-0.06453419659881332,2.0876565522915422,12.901527559510539
4.626484146779251,3.172977699624937,2.022587660316643,-4.916363181231429,-13.225895276489519
3.359801205122058,-0.4768171548169986,4.928168389990704,-2.8233260041946395,1.2476068957334547
1.9597420609369798,1.4357769519652497,-3.685108801020184,1.616842883998565,0.6444283007701892
-0.9104705558573012,0.2640266093611321,-2.252684744804805,-0.16010631820252863,-1.0203748158472938
-3.2670567992915425,2.3158952175533187,-1.054239244023536,-4.946865243316541,-21.443757020256065
-3.4356295732891393,-4.183700179694104,-0.7817182146116863,3.0449464243182236,13.503771559009468
-2.497571018354047,-4.396479160094362,-0.8897892473445423,2.728095732903374,2.9684105632225988
0.4922666470612047,-2.5289676598985356,4.07611002556555,0.48419162993562637,2.4510468382810977
2.145959227000623,-3.4045531988681166,2.140326444668564,-4.335366742237278,-11.221725269927743
1.6019737671773127,3.717835665922017,1.0790521409070375,2.6651504953258467,4.464926073612442
-2.2006610305405716,-2.807860126419557,-1.9062728213721791,0.8371358773136395,-2.6674873152519667
4.5486528066319405,4.758652558191313,3.2379038422129467,2.8195997715795915,14.105744258827919
2.378969166957685,-1.6310420822889315,4.55060511484989,2.517469923958404,5.892349904656737
0.5435405251140069,-3.178820843113007,3.2119828255022655,3.0300207195783715,3.6902612467694915
1.1172074623435224,2.8969850714247913,-4.984348948085271,0.18008066404624823,-0.4051925618465728
-0.8039993757221009,1.5870777550087611,1.3640137018340703,-3.5967548180648503,-5.922390310034185
-2.5226901049884254,-0.018042835468610186,-4.488646185578993,1.7115747337968867,5.514644560006006
-1.4402732134873841,0.5536355093763123,-2.4239277966627815,1.204737850519706,-0.46222507788837985
2.578461104643691,2.1920177827226386,-4.404752996522284,2.4225318719908717,2.9724359990774025
-4.856065113702441,-2.7154525866870127,1.0379545294938775,-3.301189939492647,3.9414716904646014
-3.8392735949308374,4.963339160567419,1.8658991349260678,-3.050248000997108,1.2671879795440684
-4.5399735797824725,4.747931621467831,-3.855123619340949,3.904095172193285,23.19929022527814
-4.592711976810299,1.5032568634693688,-1.1616111695502052,2.499777984520708,12.600035741719841
3.554605840110072,-3.0045754907085485,-0.4376349104445798,4.08228488700323,20.94690675848282
2.036578593800237,1.8022824243129132,-1.3094697823908341,2.5871532116392073,9.407484729200092
-0.25826170912674806,-4.278015910208241,-3.7897499951480693,0.9715530599030187,1.8477643690570307
-4.021658393489985,-4.693474977941939,-0.8105220981252459,1.5413273702787367,8.723034325588808
-0.08384124883167643,-2.423171114887863,2.511780478084181,3.8912792394000997,11.421605902413008
-0.2652822921943432,-0.37377043260683696,-4.289923354667446,0.7880675451194052,-0.5802729794846881
-3.267981300899848,3.6827250540838055,-4.198199859180965,1.323913243283874,8.165229517734197
-0.6614835076202696,2.27169069766308,-1.4522870816401579,-3.4352328399639944,-9.143562761888798
-1.0149526560262656,2.4270652119998104,4.41725711618925,-0.26078779883897285,0.6019626149508424
1.1585009805221647,-0.7450666555192464,1.6857264672291405,2.1639711195809896,2.800134308181345
1.350936508676438,-1.5406500745303708,1.786699566725648,-2.290573016836346,-2.494654886128698
-4.546959902279555,-1.289612370153973,-1.3808000916213503,-2.977458194754651,2.3133044805019902
-1.2538738537352878,4.876495637360579,0.9366079120853843,-1.8617319177558445,0.14147923365031523
1.2585991571423638,-4.598908085875175,-4.898688159722566,-2.5849937200716653,-2.7846571712557306
0.03136258580087703,3.6703149612244856,1.360960464095422,-2.8508736296360415,-3.633111194518553
3.564898411883223,0.7867540857239341,4.132869475762368,-0.7514915713191306,5.2021703235082875
1.58693631618945,-0.6138458081040954,1.1257346834481918,4.0783851388353405,17.268165841506566
-3.370655729185703,2.252576604151365,3.7369859346634504,0.07059646738718284,3.9271828285215524
-4.294312525995702,-0.1333105857529715,2.2397305546609383,-3.12079619184677,6.565723546747748
1.4241927820631561,3.7342323808166054,-3.7944158359630977,-4.230283306191259,-17.62154558473639
-4.734886894583782,4.007018640112586,4.024533072858417,1.9615614513792523,13.588626232338292
0.857755812734633,-0.7827907312654458,-4.335561556442251,-1.1720123556361217,0.9967556095834682
4.402302414249576,-2.231722027649484,0.3396747254776378,3.2183094658535927,14.765757377333426
0.7547417787587896,0.9235032859336223,-3.5786287620654234,1.5951076864077018,1.9453138122699967
-1.118300737934781,4.1236334561669095,-4.882933892690959,2.962414505413685,8.383906124737248
1.4328821844235318,-2.893378109943334,-0.77965739872361,-2.2805396058155125,-5.779215851969822
-0.4174710950848337,1.2296658356348278,-2.0495929234584374,1.9235892246105812,2.516161913085991
0.45616789315934936,1.3156022009252055,-0.13999506202396983,-2.359380153062812,-7.509277431578667
4.414648087765252,2.33113022415281,0.771998867345508,4.390684794502916,24.742052754503504
-1.1389736219922575,-3.684323148727402,-4.562609276910527,1.3637428153337439,4.414219453902081
4.611905638239142,2.1582496468208854,-3.7699670487625436,-1.754881998246579,8.390402020575154
4.053506419560637,4.09032520665641,0.5864239645042535,-2.3048813770772734,3.4187708213637062
-3.0420886521070356,-3.2031689112975803,-1.5683264682734177,-3.090734149283565,-1.673656412133912
-4.3063869912483455,-2.6245667507612236,2.29173487549448,1.946409588937278,14.88309568595753
-3.9922199862257335,4.713950940416396,1.5229164859193967,-2.812843870020727,-0.14554941473239413
-4.8177817434845025,-3.1902304729051023,3.456043629899068,0.9530326592748906,9.676013073525937
-4.055570392440716,3.5438509336957913,1.924928266692253,-2.353649730746427,8.61100179587489
1.8300677341635685,-0.0772214355196521,-0.7006892260985187,1.6196894479386859,6.239795328927126
-4.28811351539771,-2.5276892559682294,1.729666223944324,3.149397285405392,15.234683737075528
-1.810243697062387,3.7074990127251137,-2.246188257445815,2.780252431446532,3.458546757329495
3.448753109694546,-0.5469474499733451,-1.9368650122178732,2.608513309307817,13.688479178626766
-4.767280642641741,0.1481735392969019,2.889851599207933,-3.122775943077479,8.461873832527603
3.1446848258893576,-1.407666306002343,-0.5358048359841783,-4.116150530154813,-7.645321452542962
-2.1814522522660007,0.9295085143492743,2.983803405183525,1.989488284873856,2.329466513365669
-3.8183517237834375,-3.3647612741497723,3.2242237366827844,-1.3165278620564869,6.735473033699823
1.9673716536415065,-1.089184633482393,3.5756233766128376,-0.676537735966527,1.5526247377133917
1.28942846779884,4.694123223352875,4.166352358412073,-4.68850907206609,-19.119655798509953
3.7747201352705293,-2.4186656729887246,-0.6901477948670376,-2.404235507249508,7.246795164908967
2.350710438038858,1.567366645412922,-1.8113318167886117,-4.66323596125536,-15.759377125052858
3.034809303848486,-1.7480993577530513,0.8219874659411386,3.791857726012476,13.354287987910753
-2.179654274286935,2.7347312568660067,-1.2882757656237243,-2.5660331678146955,1.7492167436341828
-3.225604562202772,-3.6912633928165017,1.0107416680023296,0.5733716957300805,5.866226449879289
2.5061475164085834,4.698210450785448,2.055858626438246,-4.610206793388696,-15.082553915832884
3.0683473926726403,-0.4621045861636075,1.8840501849213687,1.6684739130565807,8.569400850180207
4.905051420006733,-2.6394953665353604,-1.2544711297987865,-1.7697265424590614,8.698071567094697
-0.8738232308857352,-4.265032526699874,-3.331397983012472,3.979191869576658,12.911411655947147
-1.2798191420721683,-3.302420949124593,-0.6947066153779247,3.8811818893403585,11.44895264864592
2.764129607419968,0.19773948556017662,-3.5740585591809126,-1.7470938163825223,-0.38205635831527296
-1.5919645974698216,-1.629968235687137,3.900970351838083,4.009608956904679,14.853063355663043
4.3075732560356474,3.2888336588260945,-1.5412253926214259,4.961576734987788,38.728775502708366
3.584127518430118,-0.6911247633819406,-3.455402527766762,3.2541566412394807,9.634830964840601
-0.7100597262498165,-2.512857274123701,-4.745522400942491,3.44871347755229,8.391071910975661
2.5087106779149737,1.1714498660403005,1.4582238628648425,-2.5099126389091007,1.265580521563516
2.5454287408468232,2.067772168854458,1.3690231745474324,0.7670239885775632,3.5760121408714935
-3.968761311640674,-3.3295809209905016,-1.5939583341870833,-4.3274408603263215,-8.55849870980569
4.0255290667956665,-3.3238078371168234,-4.28288111152349,-4.050820631783303,-7.79009347733991
0.052523724478571454,-4.6332857306645705,-0.9037110510476798,4.988926120332906,25.301212282523338
3.2645746610774165,2.364020150656405,-1.8878250493660642,-1.7336075057408906,2.773160844460296
-1.7995039896938825,1.6380452762180508,1.7712063973500936,2.4818391204884636,0.2966541246983434
3.9552322849620047,-0.25369124250186115,1.0577924945269035,3.0666505302681646,15.979083862450759
-1.1079832126583689,3.441704489691971,-1.3540627180246,3.580232710072292,11.708917058998045
-4.891623485197016,3.0567015295005318,-2.821074457450099,4.976282974021565,36.7132415483022
4.053819764192637,0.8535436439675215,4.880359661555919,-2.585035147431322,5.220025471948245
-4.087133232138664,3.6827128051325864,-0.4599837880388513,-4.5964917314030025,-8.92172792913735
-1.8068636240958513,-2.9415878996323173,1.8827423578023705,-0.8880848200541402,1.9409718427563782
4.5006196705080495,-3.8808038060227212,-3.5944703242163922,-3.6991933017105305,1.8118485939673878
4.506071469375561,-2.302503884830104,-0.144103003406022,-4.7757411083794485,-12.227361447392667
0.7343788812328611,-4.429131439106851,-4.724632801305345,-1.395731728585139,2.3498278472458463
1.3183721216979927,0.3116952800103201,0.05455117910449947,2.8373825107523643,6.079229475678482
-0.5155447802168023,4.366056922949615,4.640174071177023,0.6618069122507086,0.578969846094903
-2.0678922830193547,-4.6065645933149035,-1.1579328701419977,-1.8722201078964595,-1.7145371599112895
-1.7133545463008404,-3.778900859899732,-4.610039874250884,1.543420054927197,2.777033826448976
1.7251845607703842,-0.4780097171656472,-4.690442090806565,-2.679818196911893,-4.024761934275636
2.5237452943768,4.338750175279049,-1.1201324005313051,-4.856185539279149,-20.996156292769463
2.9157904372584853,-1.838438950232495,-3.3997506353680595,2.6435338643642736,6.31491204314663
2.896181427945539,0.07234808688392436,-4.766479036718141,1.237430848640091,2.4404230791205266
-4.087938969513097,-4.584271409496079,2.562136139501768,2.6230262450095996,16.21458933118085
-0.0557969529741853,-3.5165679903791114,-0.4147699111810932,-4.610619833123344,-16.93810614208071
-4.424412399833557,4.866301229588469,-2.1075522802734548,3.371196278306522,21.29115264803836
0.49528882323735535,4.6511869643604555,4.000831830164807,1.1952620003630332,-1.981612019836672
-0.5846949862662298,-4.950600190655904,-3.838610397994744,0.6339535071264013,0.3643984220727659
3.877041827582998,4.51811785423239,4.559188289553192,1.2461404811453158,5.31572927749575
-1.4908498744792131,1.3911993781550036,-1.8603328262264718,3.6443324686836407,9.400118816532219
-3.829329835723941,3.679182945200221,3.8840367230868122,0.8693650655890706,5.627041989825021
-3.5700831794716414,-0.452601443661409,1.0294287647946154,0.8095037988817932,8.958007952160424
2.6151063171747224,0.15596028579250243,3.267073597414875,4.906791570657658,26.254706207177176
1.1821806331626106,-0.11153419743079818,4.840131632104643,2.56730167068568,6.219770698271059
-3.9887732387720973,1.6686425754610434,-2.1159456218125428,-0.5770619454886472,9.124965372351003
-4.158931938850026,-3.603487452436871,4.6113548540759295,2.073970000329277,15.039809760404754
2.0096913145912,-4.700264101273221,-1.1051810509757964,-1.1076952830821152,-1.2112848064362454
-4.272369936358064,-1.9207005840880909,-1.1448809526307768,-2.71124537516501,7.659046498025963
3.218600592903562,2.046807627366467,-1.596128957454943,0.9685187688775942,7.654276291187777
2.0624222715649623,-2.9814654787705166,0.41407607347585196,4.281820981139514,15.880608530237726
-4.186512193581002,1.7343243332491731,-3.458549568215129,4.291395200154628,26.58383809939603
-4.15162285914808,4.699120461072704,0.5371148535801118,-1.5809472189450968,8.499994075190106
4.866395785011754,-4.060992842105816,0.4170481241000401,0.2767746622169498,11.390191869354483
-1.2572920424387968,1.7260211822512628,2.6190181260487,-2.883641014301388,-5.653196669091001
-1.2935785293310909,-0.5624978069542885,3.3364996193758554,4.956311094988834,23.74882971098952
3.1279956725750258,3.681422543775054,-0.5955864968757596,4.811179078679357,31.265102437257593
4.472485773838587,-3.228502105526141,-1.9766675064850625,1.4950892970744734,10.671322367378353
4.860010638228709,1.9262595222616452,-2.4066510268290555,3.0441405967747337,19.015995234244755
2.5337818525894162,3.381152896481102,-3.0537616329512804,2.151001612837,3.6186807424894853
-1.2374041446908424,4.446142194740233,-4.423524178009751,0.9315821903946819,-0.6324275242625197
-4.164992833013312,1.8324802828964581,-1.5755202116528666,-4.466520030111023,-6.9836850448633
2.7714691592743677,-0.028252359915726943,-2.2975230786921674,-0.4523565744733893,1.1228554014558063
0.5840424973580505,1.1784724020121384,4.664173858664073,1.7478630216741053,0.4080783789341458
-0.7577799075302372,3.6890498447871822,0.5770882625004392,1.7753161388368466,1.4742396186728635
4.06354385094736,0.7060974663882968,-1.5272296096949245,-1.268773815776164,8.070448400167503
-3.888025176938487,-4.696129403031631,0.8046760099369599,4.416919866580305,24.434281241365202
-0.0737489570914085,4.309486955069778,-3.608032986543045,-3.32642967763219,-6.567119274656366
-4.886463552325809,1.8952675103156114,-0.5595625079779709,0.003594462155606104,13.32447454502811
-0.3133935800587373,1.7651338577724651,1.2623432142106383,1.9088397655082279,2.9094190104287585
-4.436967243181627,-2.8432484760228283,-0.11102168207548613,1.9713580589180923,9.403970616202804
-3.8118208373192806,1.588854702326572,-0.9822119934567575,1.4863895676881556,7.353470983663265
-3.8247375322289514,-1.0613559434584152,4.9384838889969815,-2.2471178654813984,7.43445259331857
1.4921030211606356,1.5123297704149208,3.80314762148927,-3.4379343131337805,-5.224378810167409
2.460448792654233,-3.934069696920093,1.234059581594401,1.3594032682671087,0.7836144891927459
0.8336876509715963,1.5784530460303603,0.6937736118228277,0.9930211613943773,1.246319201765535
4.621725484745419,4.994137257706665,1.2066047982458405,-3.2064398971075905,0.13047632141101673
-1.2512942047629594,-4.51787961139444,-2.9868789217756673,2.0513914557056334,2.603274335121237
-2.1428791371813927,4.7717418422131725,-1.048622567356814,-0.4482800826634359,6.0734827040583
3.685991281894603,-0.9309203927712939,-4.605404671091007,1.6776059160315293,5.841758367754717
-2.764041614805474,3.7075345033725915,-0.24453962513173333,3.373670797701507,9.830908118503585
4.632225394406113,2.823854840582735,0.43024583957663176,-3.3027157142307684,5.051656531941089
-4.878455253101837,0.670162609866678,-2.722502638967904,-4.808551320031633,-13.422764375555246
4.69878826707639,2.3844920925132653,4.640288471655137,2.791025863957868,14.122116348146223
-4.568400880494239,3.7851556130134787,4.09454610937242,1.0969742515261593,11.892034921083054
3.9114311369807107,-0.9585967834896703,2.2214323545590586,1.996395696221217,7.97244032506539
0.2770110908629986,-1.729668384367613,0.3338662876536258,3.3815497498864255,7.299949846812228
4.9296479611930035,1.6759338556358472,3.6996915964768498,3.028109348245005,19.192303097664585
-4.262034352646012,3.078459419412586,-3.6934765617653706,4.609201469288246,29.509816269558574
0.5385428440132078,2.6228513477661575,2.90509794274885,0.3593507885211822,0.6879317983091202
4.69302535619099,2.978136488586345,-3.751791860331517,-0.11504367340094634,10.333694416705645
0.23097844170148818,-0.64416685187067,2.942106625494054,-0.9811280010926993,0.5779086030033859
1.2939863813526253,3.178342161750216,-2.2423243174864305,-3.463089571557955,-7.716824273811889
1.9574868898461717,-3.7979094462939154,3.7709058101818895,0.7260723288202242,2.908042992961437
-0.4545893523222677,0.44489097960849544,4.440420938253978,-2.2298747567402124,-3.1080780382769153
1.2755808008406344,-4.942413395018784,-3.512040305948844,4.213075122129755,15.404833596883494
0.8431431192310024,-1.754141700997297,-0.37324394934606486,0.8319080427709757,-1.5093225405301325
4.01158010490989,-1.3353846512860212,4.809873781626851,0.9284018050811016,8.136415706212972
-4.545536196585421,-1.038273083907446,-0.16592564026853385,-1.4507533912298998,8.098272033043834
-2.190368104077697,1.9546720668986217,3.635475225145451,-4.480106480222926,-17.813597375520132
4.504114840765587,-1.1144189872965427,0.8873152213131985,-4.682562346270114,-9.87349021427591
3.902637838909163,-0.5130637737746935,-1.2467009208039814,-0.7666485584680249,7.950651062639404
-0.4434324721428706,-2.624558691256725,-2.142164444741298,-4.154346219027621,-12.675570057322487
1.2013259780153673,-1.2674820837065992,-2.9677690891391273,1.0684695554013912,0.10329969297893271
-2.2261881701886734,-2.7273037273684855,2.617981913776972,3.809730056396574,14.352979827788351
-3.118788402762387,-4.268040762315564,-1.1345949317697213,3.8291481651872217,17.193897474695802
-0.36301595060017844,1.034485933813779,0.11275462200751152,1.590454101322324,1.7600627107312157
-1.4664777197394718,1.6821279855501625,-0.07674519998818075,-2.8876816852706897,-5.391934353522987
0.8365611185087207,1.194903460096145,0.7727902923313124,3.6299683135887206,10.214823102025754
-4.222653630350152,-0.36505956199427647,3.6557714562455224,3.8609343531320817,21.154528547887715
4.743948076661665,-1.2021421982077019,4.807393435834294,-3.033464150470413,5.684148974484995
4.862107444796029,3.633336495718252,-0.9241579142618306,2.3742608577067728,10.32388520437106
1.9816171401974514,0.19081785136218055,3.2751892210630307,-2.1348045107287703,0.3385550196058608
0.3609636634412039,-0.20818122370269032,2.6452779465471767,3.0264031235292963,10.034044835148059
-1.9047238371367226,-4.743579341935643,0.7352895145557325,4.972378999036026,25.681877440466483
3.137950197069487,-1.5875217237384365,4.560471436119331,-4.699739946706072,-17.293941920415346
1.8473117255387927,-1.1980438121414294,-2.995254844715972,3.9736586579093194,15.00176216466242
-3.373830606551087,-1.0117721910309951,-3.907357896903786,1.2263053359865805,6.684952571485329
4.109271844938425,0.8017236922733229,3.5396196695542215,4.733826191648212,32.04469463930261
3.22537242923169,0.3360254672687846,-0.608501833662517,-0.34990482473572393,2.677209335286037
4.49799913291924,1.0790509279344462,3.469688542070605,3.473879305713737,19.963200748042862
2.2571950838836,2.6488326154212825,3.930902051954149,-4.376059314017228,-13.031906434431011
1.1341519593578986,3.1298573871609348,-4.375424063809286,-1.6472094992170427,-0.5350171620742574
-0.8175696370938113,2.181230762264944,3.8346476298606067,-4.3298346224879,-15.223102391599475
4.327284833540133,4.555236959549347,-0.5168094463057782,4.753431334790705,32.902472237365835
3.660638895004084,-4.817674173236384,0.10432489004232215,3.169739072718367,14.814198830059421
-4.547813298938106,-3.0422201431645393,1.2659251109321024,3.525474212459705,16.81886580920561
-4.73633025502748,-4.924371250218579,4.263826067300868,4.3796523143389425,29.658261149055924
-1.235366331219504,1.47474714154603,-4.80883905570236,-4.148965138802146,-13.650296152134862
3.105533307818329,3.980305489499869,-0.23156531682182901,-1.1440240748666664,4.668459057230894
4.872761293149445,-2.5651770342370073,1.8772204243056068,-4.289651109559979,-3.768570212571042
-3.495831088964718,4.2703454479630665,2.2270695769822844,-2.892068984499714,0.9720420799258738
0.9413071535213513,-4.397326097104392,1.9253243153710797,-2.706342229623276,-1.1379615532247414
-1.1910914336897849,4.3443602680551425,-3.6556487059187814,-0.30892788952421313,0.5360168863503825
4.699143978146032,-1.4837731276036559,-2.0060441162831877,-2.314378325463574,6.32256211136561
3.421189231357087,-3.985791715507835,-1.4128447458298654,-3.990218931822389,-7.641122998215235
3.3832870471113785,-0.14128240813674364,3.04437207679505,-3.325089109058923,-1.2718766794482548
-0.3130684020502972,-2.432234322794921,-2.2124012758544698,-3.527244364479091,-6.2693733789326895
-0.8518049766233482,-2.1512709803807715,-2.8929503613279683,4.730767979122983,22.744049454990265
-2.2659292806929376,-1.9271003507371343,4.574480190380962,2.5929250691847363,4.352729290091202
-4.436245033490729,3.0302589783266343,-4.9113671488653114,4.6776146526956195,35.2798303079372
3.6472237625505324,0.39161276675254486,4.978208556819782,-0.6025951349209147,7.136908231873076
3.129010091300776,-1.8869230084399635,1.7682129885739561,-2.216315183373434,5.268802026165293
4.9971767328613055,1.1033378331091837,3.284692994491171,2.982931972091867,17.490814809061526
4.966368370739054,2.1615067422319356,-2.0538060365380684,-1.7374608195885322,12.350126932067642
0.5543170560262745,-2.2737599926646626,-4.8568472233294,-2.0061662629465173,0.21772600301579992
2.689874151805105,-0.8645089847464849,2.3786951856153005,-2.674940077921688,2.2260987869731417
4.44765729882428,-3.7811390666305247,3.341445970006758,-3.7032102177576465,1.8485727211653358
3.4964739067741144,-3.188506504653197,2.4047613195351913,-2.4353693898323403,4.9682119989030324
-2.5265189825680237,1.8111785396498281,-3.571497126991614,-1.446802515261123,1.9557753609857853
-0.4945586468990648,-3.1856165230437306,2.534279222569691,1.7399420814573041,0.03230163469339331
-3.70840584848505,0.2516338366706017,2.68922782107641,-4.374351577805484,-9.199249265802651
4.540510272587223,2.090462617224327,1.585405156700549,-2.8949306033465705,7.322108398104431
1.0617463445088005,-3.9312307690525614,2.661159327955862,3.090236402916764,6.020291471315334
-2.7135719449653726,0.6731221962890355,3.4592143967773215,-3.5307807641622926,-2.991153824022077
1.7170068440585673,-2.4343721629863624,1.1360411423745842,-1.5735485347747846,3.600051201530516
1.1812824045789583,4.629268752375798,-4.113952860303209,3.6465892185814006,8.56325860954314
-1.418372819671595,-0.16454353280075273,-0.12372190332789135,-3.4507468885655737,-8.886010739309393
-3.86442407800371,3.059925497751581,-4.223506653283949,-4.172631643818101,-7.3436801565655845
1.715731955927996,0.5022654215626177,-0.9245696896756916,-0.1546200491998917,2.0863540972506764
0.20307700903793302,-4.565874671451809,-0.9289351087437236,-1.975804887214636,-2.5711452724479105
2.723183917356393,1.3315137559402235,-4.339901558597584,0.6340836448385412,6.463258877996947
0.20163501111993387,4.51403342206657,-1.5117946603052068,3.0380489048347514,6.4765430593113535
3.5218150031854014,1.0161182014633119,-3.8900190120868516,-3.6285151184725684,-3.274209965507266
0.5190683877448554,3.191888594267902,3.082352100092222,0.8069908455428498,-2.631995040617094
0.6093797153538627,3.8420646334840782,4.476880259644708,0.055087603898639204,-2.4459263798581694
3.7665360265834504,-2.7192022805106753,-4.276835247420614,-3.5592121398680043,-1.3621981909273235
-0.9651713378760296,-2.8795516009177335,4.551152072917014,1.239984855289824,-3.4181025683141453
-3.6598477154935924,1.1098098885099172,0.22576599336745162,-2.2635958213922835,6.402845116898202
-4.71217323686661,-0.8897153019329529,-2.0043432204612612,-0.12165681455987509,10.785620504946449
2.5513725567361902,3.3986130286672034,-4.231379247238365,-4.177276757229381,-4.837459142403279
1.2030955135346466,4.000231233980111,0.006242680704178216,-0.40415942786376946,5.326348436906939
2.0407976809922355,-1.465786206972819,2.9451554449074866,-1.9353653195717968,0.2696935157174415
-2.870358384910893,-2.6312944102551796,2.0708647726669813,3.2238121118535434,10.60779761146073
-3.6362852441323024,2.805255152438618,-4.497739885360263,-4.430212730026318,-8.7877181872321
-4.8545533433211805,-2.251939644518639,-4.270981646320965,-0.8139272508167006,15.081847592017464
-1.4941244119340302,3.2261431851367837,-0.9712671736736289,-0.41568575868561997,-2.1742198907376826
0.8991768685463308,-0.7626174635123717,-2.0470950595205673,2.250060762991187,-0.8901818376748145
-1.0775595490026768,1.6754989929147046,-2.6761567694395216,0.74287575090211,-0.5815089869576766
-0.6252507797627094,-4.044646861653318,-2.189955010912864,1.6721233719418105,2.295994677990329
4.041586944937484,1.2385932467657301,3.0348274329688465,2.7704928565175613,13.414015684760194
-1.5174453297669965,-0.48232321262770883,4.292280536318539,3.6220297365818874,12.794416712366225
0.13989489159810797,0.866084631754741,-0.9489730547243358,-1.861245032775295,-3.6791670859216046
2.8365301274114305,-3.319857922551366,4.0611100213249705,0.38022705363902953,-0.5983420603976084
-1.0345721767872984,2.368737449441821,-1.7850429875211804,3.401080784391999,10.119496888804491
1.220867002278735,3.6279707754322854,-0.23563013656208387,4.894511309650564,22.53968403607389
3.6236370874674515,-2.8326019990922435,-2.739710021840003,3.8951931104376314,14.348383514175769
4.495206236576421,-4.042854444798383,1.4047604217584397,-1.285327373756232,9.968877798320314
-3.5292651907096206,-4.763614139536636,4.789811151748089,-3.0483348278134956,2.148971854875982
4.265876251614944,1.41971500443266,1.0349309604337864,-0.10607462593411277,8.85449712615116
-0.07883706920461808,1.0709403608878076,-1.4218591588645113,2.4164145183604226,1.9093283177975457
-2.4175561170104167,0.4669741271407002,1.4781744599052837,-0.07430929246702411,2.6034822598907965
-0.40864243761738694,-2.6805290388402456,-3.7707932153461243,-0.16819136686331504,-0.6586227746664621
4.8003257528547705,-1.0909400409448533,3.8865908026539864,3.3823042108180057,16.56416914840619
-0.07381906007130401,0.9447633518617304,0.03083950779836364,-1.3859622093281365,-1.9590932621158923
-1.7124838971249179,-0.0323314114083062,-0.5065025796035794,3.597946748116456,11.824103376827551
1.3340085431672577,4.877855202148873,0.8586478845351919,-0.9319519904827644,1.3712599858170686
-2.598543812218069,-3.6356024744326687,1.2478386278940246,-1.717668943216606,2.6987770978000043
-4.241366718913361,1.9514455404759379,-4.28224193773487,-0.46010088800300997,6.984818846895883
-3.7112027808935077,-0.9568123189570787,1.826172212234024,2.6244695867486847,10.13889235697646
-3.719541610422276,-0.7180038507438524,-2.580683196844704,-3.739979721360057,-7.899189808274683
-3.4809730648770563,2.1759776565817623,2.139526325065898,-3.0358078412798264,0.8198605787911417
-3.6117282735058986,1.9243615132436964,3.2253479438419674,4.51444825663092,27.781116528457716
1.408747448032146,4.912559937021883,3.0395850755252027,-3.2450837261864263,-8.790494799866135
-3.1811991560085517,-3.7160571054587477,0.5250096740788912,0.6772731793105458,3.9502915889769223
-1.543327166761368,-3.958903506158337,0.2016989231075117,0.7931446666193787,1.9489329746858055
3.967884099060118,2.2433881712874113,-3.571240386605883,-0.10375537949755209,10.377513991600205
-0.2603835973712765,0.783869170064091,2.753461504031356,1.4474524857681859,-0.25603247006929275
1.6755773852102718,-2.2583933344019416,-2.2859061955328563,-2.7017327420238155,-3.924904750150164
-3.2768012879837016,-4.205806310110134,-0.033045771820534586,0.5266226777674821,1.460076861245171
-3.0771098119132922,-4.143417504035694,-2.157259070724833,-1.2782674475310285,4.523449119987145
-4.591313837335211,3.941908746641183,-3.6617163700030684,1.6166725962918904,15.469310348007701
-3.3106493692783543,-3.081326752812571,1.2955769689173657,-3.5877645662685054,-3.201463718491162
-2.2140966096804138,-1.7662843788447924,-4.456679651770962,0.7087741683947624,2.477766014870493
-3.229895157232532,-2.73343597773012,2.486452341262,-3.147296446166763,-0.37481721780489874
-4.112974662429444,-1.450036941680627,-1.8241320473888334,-2.213569368849636,6.266847283499535
-3.793641288993992,-4.305761572539066,-4.998653069955147,-2.8129019967641677,1.1184572925894487
-0.3922123196727423,0.1905979090827037,0.11129139237229801,-3.1716222013118287,-4.657313326087847
-2.936662815942075,-4.3238743640778505,-4.531480914723969,3.25710951560667,11.67429748368331
-1.3573013895192454,3.0035650782236156,-2.238304421791005,-2.142924323391097,-1.0117550893207445
0.0341727085485688,-2.6628791808956698,2.069764874557162,4.271237818644494,13.634293772449086
1.903948286293653,0.4001191460451059,-4.373103783781342,4.699265253451909,25.17438859386608
-4.606878601589011,3.8007908756145827,3.3933849235600233,0.7126046993709734,12.013443626641074
2.9941039890904264,1.5087736904719418,-4.9618007734141685,-3.569988773342736,-5.723285076686477
1.2790038949090776,0.329577865513353,-2.5317613079809775,-1.2545175662041874,2.4266996459011736
-4.182409680511281,-1.756662468846244,2.4090405615207144,2.97732263348214,13.029599252738423
3.735786241067772,-1.6699808694180207,-1.8372985027069322,-1.3260927130292954,4.9476498233580815
4.208724005318132,1.6948695519819013,-3.981076119339865,-4.129827816972113,-6.749964686741237
-4.389220401451363,4.941393612211675,-1.3976608119957212,0.5678491092818794,6.127111645660673
-2.2312235185279627,1.6183918984937862,-2.2960671361547447,3.4512085149603475,11.6536225888473
3.0620127979306133,0.577834173700249,3.427119021605549,2.9592638714350237,6.208669794556243
2.4825969038365834,2.306505102392461,-1.8665208241485687,-3.2487685986964676,-6.233067919808329
-3.1547898064362268,-0.3479438771628185,2.889324717760072,1.727646144124667,1.8564955786636599
-2.906506766632897,-4.398576573992148,3.9187214481073473,-2.794957365643529,-0.3149707349934592
-1.2952789720861801,0.6229681587790981,-0.6618258042347047,-2.8179246544782774,-3.9370256118994202
-0.15477014808978673,4.576252845053802,4.09943143854392,3.7407177330518513,9.82733404674854
1.1825477153029595,-3.2469705764234034,-1.2268194603680715,-2.5033104725976987,-4.523376558197674
-1.3108636043022759,1.9000489082066574,4.640784164901081,-2.367526534819888,-4.139369185201111
-0.37465283866852106,-2.9906631134094352,-4.10710475474427,-4.9934660923870045,-23.903197304007765
2.4747093813375654,0.35827684473081267,1.8701926650324274,3.7066903412551766,12.146643289264716
-4.6331679710940215,-4.033235503532804,-0.06185959543071329,2.925948132091347,16.375748687668004
-2.4756305565597927,-0.4962906374181486,-1.1235119454435294,1.27328935090678,1.7067440423123938
2.1334958588455244,2.5616332889524607,1.327118787486009,2.5026576393884223,5.773004521429134
3.9520683768719933,-1.5242847576101792,2.038570916343312,-3.479514325755082,1.9906684354999111
0.11677442115666126,1.6491172448721803,-4.95636730349691,-0.41676405412424566,1.1646719940131156
0.32113485265315656,2.954499607897292,-3.3304691125280126,-1.4878061265121911,-1.431935569302957
-3.9282798866022395,4.271778194794527,2.130460506343187,-4.062234737429835,-5.176707904026589
-0.5258763317654536,-2.6535791814454646,1.6638541357820646,-0.1386951478507592,-0.3435909884209548
0.32617266455023164,-1.0068408419069186,4.660475051286772,4.207396503426354,14.964977210956457
-2.5752949636527034,-3.475839866695826,2.61037790250783,-4.599408809493055,-16.79484523930918
-2.3075676905061906,4.924835021583752,4.507727077313381,-2.0853908650620614,0.5199513882075129
-1.2271583689537735,4.270009679242953,2.0254050153480696,-2.9245906379429654,-3.8257939727399073
-4.799288022222736,0.39957130280559583,-2.0194779136055683,-2.618533463343037,5.938956517181876
-1.7792083441682172,3.4203329437642127,-3.9463507774914355,4.084345518793753,13.177944501729913
-2.8855199300345538,0.20957977272042183,2.818238633449356,-0.3193094576570987,1.3795162610833356
-1.7250264782208535,1.235856880027597,1.4414922147591591,-0.337005870601812,-1.7203389843638943
-3.802378681807488,-4.108755678839834,-4.518139876067037,2.605756424552823,8.333076224447648
3.9052728073989496,2.5527042049680793,-1.3994953409902167,-3.455077959950742,-0.3045397898147891
0.9359245355404866,-3.7228651636476515,4.567998154842861,-0.12734645899949215,-1.348010701447648
1.791023191444896,3.260676302525284,0.004011457102012228,-0.7001478587894028,2.562467484942059
2.891712386073383,2.820280876703859,-0.6727086398029536,0.9691069054665613,4.4324586358734415
-0.015578010709427215,2.0874469774297646,-0.42300394840706024,4.995577032504386,20.996827068517927
-4.130797119125763,-4.638396194752379,-2.9111727599483626,2.694488940820471,13.754237384077557
0.3710654181854778,-1.968716440546714,-1.312928291352048,-1.0213429698257281,1.4773610237179744
0.8684111802087913,-2.368874300891571,-1.3018674401282337,3.2755305227404694,5.418042680154771
2.4543947418433,-1.398635925284809,-4.476449798125276,-3.292916366875198,-3.2888049620495634
-0.6834045377032061,-4.123572532361615,2.6756762851791827,-4.695363136910399,-22.182679221821243
-3.7241969720443624,4.369578230310628,-0.8349556809612102,-2.9555162753572697,1.9668301715895562
-2.1622409420127555,0.5380224071237627,3.2217988681642327,-1.5958844388574034,-1.0042486127248305
-1.369177036013649,-1.9447568934197645,3.503480011198954,0.10580757459559886,-2.648653118797173
1.4591724133160122,-1.0301848292571658,-2.8800594530134194,1.1512914054119983,0.6041585680227407
0.7077830466891188,-0.5279745949516435,1.5735348217012857,4.106057172144217,13.848403466496476
-1.4390327410215376,1.005943333606173,-0.2771819583701829,0.09854009550457676,0.24023959546676232
4.865152487929797,0.15679427696497772,3.801567379214851,0.012756446257293774,9.466793664123074
1.0577481935688715,4.193919732144174,-2.842593208235459,-4.497569901770179,-18.43587275191971
-2.627732082640055,-0.03036517094169744,1.7781320031004422,-4.6508844734377615,-16.129324444651992
-3.9821752737959626,4.921580148233127,1.0775212225272257,0.5115996191637207,7.865854515743336
-3.47140860815668,3.5142495774509577,-2.046985224281672,-0.6182138675165549,6.343086091546047
-2.540422716154919,-2.914894856426642,-3.633990963488274,3.391803949802986,9.690732510675904
-3.3931862674044435,4.305952146439163,1.5163976047727656,-3.393204152881548,0.2865341960505656
-3.1343297594869424,-3.836336021145239,2.385974581323307,-4.750283378829504,-18.878546622280943
-2.149048313061529,3.174497084911916,-1.8437265623665,-0.5096123206987413,3.2578551753628036
-3.2662640470524518,-1.1937670652341992,1.448326040223138,-2.625214432477425,4.079557856757299
3.9676542462642517,3.7797432044506953,-1.0486909238849673,-4.503856266611626,-9.438937507492126
-4.1976625433835775,3.6805669010745037,2.132068832826177,2.2459828684762897,10.67108169538131
0.2451138957025467,3.0592540011762113,-3.007847251059469,-3.884070000427525,-12.745569507633533
-0.8960317301033849,2.900304363070614,3.9021500263617437,1.0831950000777169,2.727796742946384
4.823786169086064,-1.9532086090195921,-2.1259040353442025,-2.1895024983311084,6.689246167461392
-3.8796109783194765,-4.190807169487478,-1.322140122438471,-3.2650394964497798,-1.3759374018915893
-1.0214440095425836,-0.9701982123483854,-4.419080479196502,-1.2024847708068254,-0.6211928890554557
4.694704332753688,-3.2647548501349135,-3.884877876787236,3.0144577622295365,18.973880669863465
3.6550712589398024,1.949510889024617,0.15861902712328124,-1.079064230954273,7.1880201473884515
3.170720709492799,-1.5390027346221447,-2.324073232720285,2.507696492110557,6.244594182365437
-2.420971729550602,4.756102008599149,3.3548022574219436,-3.7451370320084933,-8.195960246729308
-3.2911241260993416,1.4097207734533201,-4.853066113450462,2.7277141966507914,8.246173156227787
1.6864321992443099,3.2248056363436097,-1.209059513280638,-2.6306667509335133,-3.6386084144322046
4.293759891275858,-3.6747532725815155,-1.6265445323090733,1.773931298888728,12.292418964330855
0.5676289301392978,3.6201448227262256,-4.80672369082399,0.6578155484099635,-2.525454798069622
0.7161268946989985,4.227571905133943,-3.756316009994898,4.291447172116873,19.280684107690785
-2.2002090633971583,-0.12938081181064098,-0.8635732508136473,-1.1267748202468597,3.7908038352124915
2.694929331919369,1.0625293775097744,-0.0713541555255337,-4.338348111655596,-10.517593926637694
-3.1295625144247663,2.6480980090299546,-0.957102527451309,-4.808445144487471,-18.2641494590017
-1.7632076359575632,-3.2516137273958745,0.3093767841209383,3.2685856097275314,8.23865530975942
-0.7456356138358322,0.025660764634424238,0.9513167490568153,0.24735637661432164,-2.585290485999649
0.07610378684455021,-1.013369722276869,-4.900761788721644,2.7524405183494927,3.1240297615846595
-2.5759026758491976,-3.536260078377509,-0.3590484054649612,-2.6557439998848533,0.5587671518718916
-3.8516317526079646,-1.3246557770846856,4.634992408875883,-1.5491625448676627,9.266091241864553
1.106200424416326,-4.318276906145064,0.19032280129548718,-4.698961277886811,-22.353309763624157
-2.1136944675974423,-4.74188093050513,1.7754226745895318,4.614923245741122,21.160121130832998
0.8123822142261228,-3.6483371084517726,-1.881361420831168,1.6786790670081342,0.9734752281265904
-3.4563728472579767,4.631151115891738,2.7399137815276253,4.332050877593062,19.441307573759058
-0.1885989814518252,0.49529535895016963,2.729214818761151,-2.3450359257092765,-1.3786779892209022
0.3258943255158586,4.658221611532199,0.2129604765413895,1.1146361122566084,-1.1179092808118436
-4.4817646317757305,-0.6750212166986802,4.760138232792136,1.7849996829263781,10.789808123803244
-1.6339572180607942,-1.8818386691474043,-3.744497852373466,-1.8245029974241156,-0.7836758465277931
-3.6558532306102576,0.061418628402440945,-4.8305233511041905,3.4810923501563007,13.540732580564653
-4.366250295272323,-0.6048831136708988,2.70158211757096,4.471614629002478,27.400269486790883
4.899602323899453,-3.943353157382561,3.0715553736488257,3.8485511769600436,22.972277049624065
-1.7764615502527703,1.4082631469020623,-3.7979277087942376,2.3906697593937256,3.566871938106079
3.0987444585463484,-2.839618174904004,-2.3441716704139393,-2.2253532027504597,1.1401079301522925
-2.4535934523623615,1.1958795489782958,-4.824476366333711,-2.1838395789436826,1.5660957329842307
1.8150272222392927,1.5020109239815338,-2.066913892194353,4.633603204460379,24.851346842296437
2.6022785988968655,-3.479751468713519,2.731418739186715,-4.89715504064308,-19.823137887835937
0.9563874060784427,-4.386503728893318,0.17960527712578944,2.160499732421445,4.466513319704551
-0.2842381144984163,2.807615860684398,-1.5190440683171191,2.062461625552622,-0.9854098122737138
-0.8815908585273147,-0.40199576230679823,-1.2826070509366971,1.2268954094979745,1.073486445739839
-1.511317334570047,-4.418362044945242,-4.986463742845318,4.901088460868658,22.49278725563198
4.295291442478258,4.948663171697671,-2.0019947243476413,-1.8812056423627477,4.939421659448125
3.3061940778772914,-4.422194390036333,1.464587416379305,-1.6002813620675183,3.167084577239173
4.650269106665126,1.9503522885855318,4.741944438163571,-4.210605970534445,-1.7338372459729836
-3.757027765144553,4.836789252634136,3.470608269838995,-0.5720186345626255,8.920226963495208
2.308674752036443,-2.608198957840744,-4.764050353544709,-2.389514737651519,0.4222779820357025
4.383404568210379,-3.5775063131280382,3.9856060467483934,-1.5661329782235578,5.7734431027416875
-3.1876693383433983,-3.786150605775711,2.8319841329862596,3.3457179025562764,12.178334939771137
-4.335037326332225,-1.9672485243240445,2.8037612357098043,4.3548451352749575,26.517319864869282
2.4112064929005905,-3.989541889893533,-0.4200424099642852,-3.1426692799481435,-2.949602212094057
0.744731131799119,1.921613416941319,-1.0199470704549718,-1.2749106844653413,-3.8247222025889407
3.4182877675827203,-4.377082018699373,-1.9708427116680738,4.286305621153941,19.811667825317976
-3.602276233737105,0.0942212814978971,-4.343051410456342,-4.381915393107773,-10.467549939575745
2.952673118598902,4.966968538529768,-2.717646365063009,-4.076394718886215,-8.11576414725658
-2.9837267995225547,3.139702695060188,-2.5339636502197536,-3.3720901079377064,-7.60974455824464
-3.363440571342955,1.1521943823101088,-0.1592293028979841,0.9521283412687476,5.504748368250266
-3.3573420206900706,-1.9374637921338833,2.4744440659669396,-3.4952772899400255,-2.618364636668236
3.145747202313821,1.2389583629163847,-0.2619017160205339,4.680763814507335,27.157772368296026
1.6519722069620013,0.2704146391165163,-4.421555505528394,-0.5328547274147966,2.719962122819915
0.23065424769119325,-0.7391661610962852,4.5778980098820385,0.015179603501663808,1.1917440281445537
-1.411695158764975,-3.692896232598005,4.427243190941122,-2.533413841945935,-3.8554234985208256
3.7720054081310828,3.8660421524046673,2.851895431484084,-0.29039747565266505,3.29311024111474
-1.0755489257736461,-0.5021535117867748,4.913279015642206,1.6191363263701153,0.641243581616249
3.1659943947157707,-3.053774881792349,0.44482332800262925,2.5117713695404276,10.184374713811145
-0.6086509142978158,-1.3224064912271039,4.627683502532061,2.53868082709913,6.24444600888609
-1.2305557057509242,-0.8587024747107297,-4.243949593832492,0.7789111269408833,2.2727453494755894
-0.37320214330393564,3.275378955668743,-1.3431925173862869,4.043597749938572,14.151438371821346
-1.9862212583585792,2.3361438056140207,-2.746187319932342,3.174078473061094,9.127441492442749
2.476093801762511,2.693048936413398,-3.0416691586572995,2.5704811469862543,5.350108477678521
0.027203900924791524,-4.889687355713528,-3.591970511073239,-4.443944783195394,-17.812128355413833
-2.677873048531827,-0.8384600182023849,1.2241364156599666,-4.931220377803507,-17.05879141838458
3.995745732745685,-0.18655848364676375,2.813218557473051,-2.8755272280452706,1.342526392680362
-1.161087786267886,-4.808077231769433,0.7829839942036065,1.6352359391345228,4.778143065777888
0.43552861113988595,-2.401867912549658,-3.530372904117903,-0.8880251111745419,-0.68927101891898
4.064721109645469,2.6028982312213502,3.1112376993347093,-0.9759374070068827,10.72593600504445
1.242379959139921,-3.6289029427100097,1.3595470716372848,3.8458688822961373,9.33474827580978
-3.831019592916359,0.35310131452591653,-1.1183429387300448,3.9556284813183873,20.88890510763835
4.398321236134751,-2.847981279827625,1.7413029553606296,4.091752640535857,21.900258923058843
1.2770805307141786,-4.878792253561067,-2.4009502075716718,-1.861219234849727,-3.3045707411494454
-1.6509438534291387,-2.587985424004585,-1.548077915057895,1.9105581273926175,3.1946721081550846
-3.607279273366127,4.7587375491005375,4.174858431319902,-2.2836681872563034,6.143245415311215
2.9402518927029595,3.015371118829896,-2.094954943285796,-3.0939016692555024,-3.2904484332100465
1.2007275592851352,4.595766443210334,-0.30011731842063405,-3.153675426526308,-8.550240778414533
0.3346109197632152,-0.12145956073637554,3.9014113739601464,-1.5789237913640597,-0.9149588042622894
3.9389258305095765,-3.9026380132249647,2.0772135026752747,-0.7004238022017828,7.5139730182753794
2.8859721122453075,0.47959488973692954,-4.3779677383529725,3.3094917105506836,12.510654162489477
-3.4832512026724882,-0.45622665440039123,-3.526969557210297,-3.801089065272879,-3.0181297528179427
-1.8827793220445177,3.44357082739616,-4.921584092280832,2.349258473948942,4.246717353866339
-2.5151086018553426,-4.019174192157554,1.309217902291634,0.3145491418930535,6.880116640714771
2.4394629257267697,-0.11758862978221818,-0.5232657458958168,-2.120546573240075,1.5168592807733023
-4.664675652642206,-3.4995133530601574,-3.6572514909772447,-0.07180415467175405,10.186672418064555
0.6988968487131653,-1.7532407310994003,4.579341210567705,-2.0005793022297738,-4.580297043734686
2.6245868574069053,2.3735707738779963,0.29659723945619887,0.9608195523830598,3.0963098120797006
3.7676563676174943,-0.2398187063123347,-2.581067058871108,-0.661560771447558,6.366935272757135
-1.5791825128409254,-1.2411171485423067,0.006035711547075495,-3.3559447092112125,-4.391656477027048
3.2125730467201286,-1.055237214299647,1.796203327351078,-3.834169254443033,-5.1878323474088175
-3.8936826304479277,-0.4055323159401336,-4.237607820264355,0.4669568207213015,5.242007833027689
3.4645229173451817,2.850165438370569,-2.25296184952108,4.024130332861034,19.37901975589464
-3.725113376680176,3.920846889402344,3.069654908839936,-1.5604231344231445,7.521395966460442
-1.0271270943963273,4.553346865039282,-0.4033512959733876,2.3300010722262323,6.1134286454041895
2.972953657795536,2.869033862552951,0.46577142032294905,1.5866135493976696,6.993044621817691
-3.500825726512262,-1.8459310425198727,-0.6718399779053075,4.31554914309481,23.724110419398826
-2.7074860476735854,1.8813470608654215,-4.561000573569949,3.209810172991409,10.39947100991704
2.222525683930663,-0.6239687594460808,-3.3425022017984407,0.6660525890546298,3.3055298747322253
2.2003653654607436,-2.4532937795394885,-0.544583612581091,1.570304982341073,5.694243410380496
1.411476328852973,3.4087157942592263,-2.9081453459207216,3.9838646658403487,10.976302708020796
1.9394844446710002,-4.61573651037675,-4.500209713403213,-1.004812154130652,0.9790200922648152
0.42724443347596175,4.017619921354235,3.4364966405182376,-1.7320529414222263,-2.4931029200264705
-2.4820094109304724,-0.38522535375265843,4.811925291641158,-4.891889163648036,-19.5746569992313
-1.5430400649608056,1.3720147680828043,2.9314287399673944,3.2655107419146425,10.615324882621016
-3.184022831985743,1.593539222057827,3.53784921704667,3.009807004033649,9.328183253475709
4.084505613336283,3.951177407065364,-2.580228696829546,-3.9554548189984864,-8.816126522236313
0.8339179476612046,1.3666968216720732,4.606269755131997,0.7685738113270024,-0.3859317315573837
-0.9914858323636011,1.1393358476006177,-3.0307429554657164,-0.3601830183311261,2.309124103181957
-0.37994196355867316,-4.333479594393101,4.514298103618323,-3.8129090449088854,-9.939186588640194
4.472833396118153,0.18408021945204078,4.94819293965951,4.805682270607235,33.05653652591841
-3.466485968839198,-3.4983099918295837,2.1172280574604874,-2.8530411253664454,0.8036141373936739
0.8622983201679724,2.374337687214856,4.8114373179182195,-4.3276581990943885,-18.396500206303077
0.05888678884465981,0.1222192081267448,0.6953977956710367,0.9484737950190958,1.2029723571929316
1.1145423543464783,1.8022777920835331,-2.404582168239097,2.3886667713303265,1.6783557369155733
-4.818898161791595,-4.583270993976157,-0.6300411433437914,-4.67556553952813,-4.46334319046281
3.721239089441515,-4.152079839541968,0.9356093537878596,1.5871763872702216,8.864484973435644
4.321182824836124,2.1632338806268225,-4.26918437972985,0.3229187595145444,8.181748466957263
0.6513318358920894,-4.279156640013266,1.223432646172461,-3.967349911249516,-13.499764569274634
1.9665082387689226,-4.287432722347414,4.811778367622946,-3.274761230536379,-5.276059002640814
4.224993811772957,-4.8789152476511255,-3.098923502162724,0.6797429731608051,8.509097628140351
2.072386343133986,4.565013982994801,2.925951162883833,-2.0364238648671162,2.6920411507714896
-3.4746095708573863,2.3750835945900697,4.078987937796193,4.3831572865131605,23.251191166267425
0.7628836016681317,-1.4674859149793584,4.437015928202208,3.187402294840508,5.304236224850001
1.067150463828559,-2.0346441871234475,4.601356044054472,4.83567206513663,26.965490922644385
-0.7586932869761398,-1.5029677025415045,0.2145963872147194,-2.4032916104958604,-2.389767000082146
2.3644423562472285,2.7465353118118188,4.773079079915037,4.69723632797977,25.060965005598078
4.3436701476901485,1.613706110704144,2.5731020713443886,-0.6876613020844213,8.152246171706341
4.255685129067763,-3.1480443213253206,-3.3832856376303813,-1.5248120468624538,9.072605822160291
-0.49160628595867895,-3.2589066466591565,-0.23099893532030014,-4.496504730306468,-17.439507097857494
-3.8676195415924477,-4.016043502866027,2.18331175372004,-4.472347421403974,-14.191139661782456
4.8484119896233455,1.6030271970133814,-2.526596841809167,1.920112559466547,17.199926209609174
3.388980864459341,2.6437266222173594,1.4061518354888736,-0.42071005565972097,8.308991692265144
-3.7533731879673313,-2.3495357167499598,1.6660047904661923,-2.734783739638943,2.1588019657344626
4.208418826173723,-4.790550389690872,-3.3730025619143413,1.1397030632523264,6.946932348240656
3.698963620621283,-4.178283325235727,0.6508531245275628,-2.471418817498888,4.517247938838484
0.18838057126072116,4.6786003484503045,2.7162691097860767,0.776317543444226,0.2847115110223324
0.9127543574492925,-2.0455522252257974,-0.011043354640580816,-1.4079125301730966,0.5697403302541413
-1.0099729612986974,2.692231478381336,-4.878968832238925,3.23552226611819,7.667457967586787
-4.452383611779687,1.2466356885426377,-4.909615309207078,3.206961607667793,17.52080712766652
-1.6480275835409908,-1.180603603471041,-1.4297065602998782,-0.2264960187759868,4.250284987459887
3.0285344859801144,-2.9431273780444487,4.261940684317819,-1.4918089066498441,5.058214677970836
-4.953679769953972,-3.7861358184059357,-2.713232203963912,-1.3744020344090546,9.650916781076376
-1.6650082830885582,1.1501296803886663,1.3436368887168715,3.057145256682179,9.825751750021308
-1.0183130640905669,2.7463378063778796,-2.7792412930667942,-1.71820517202388,2.7852028433399374
0.3739560293792288,1.4390425354113068,-1.7833001034045137,-2.90940626293154,1.448616904435835
4.198556164127605,0.30302133249158314,3.4804208960148397,-4.153116581246932,-7.759955518747622
-1.5365400563403875,-4.580487765683637,2.2886144226994687,-0.33306879115591603,1.6588519134147541
-1.530467981037723,4.684887775943838,-4.046007226867894,-0.17867901080158122,-2.9941721938574335
2.3750124810974835,2.987141916545746,-0.7129797901356638,3.4090871040290716,11.850637213000486
-0.4778205911019284,-2.071779632990353,-4.7083023635473555,-2.7876130355393602,-5.314633450719504
-2.7539517706001804,4.7997032935885064,-0.19109853396991006,-1.190087263316001,7.301910817459605
-0.475604838673066,1.018815896363221,1.6243401170106808,3.0840573889369094,4.4306168857773995
-3.5914297962020014,0.8242265820724648,-3.814973764018484,3.2362361074897352,9.849583141543267
-3.236130134937767,2.480731794295321,-2.1111506109083433,-1.153889240212318,3.9864700827760675
-0.01632227260520258,3.1176978809013756,-1.0216337449784307,-0.40875976713319107,-3.9645018222659703
-0.8107455049545209,1.5647860733150265,4.1953102465604974,-1.9671410915071708,0.3084258724629849
4.148459010681,-3.7190425363379997,4.93255015422964,4.325548784193121,20.661215606484884
-1.3760610088336689,-1.617324940055016,-4.550887010043842,-3.8135623425841967,-10.088636899361614
0.8058835027804345,4.280836403260498,2.61007923495392,4.3374942300147,12.490099008698584
1.3226428791953038,-2.7538438815614805,-1.2827593359765677,1.8386645183534323,1.4772864083921926
-4.869055434116664,-1.2783297616248668,-1.0754181377051997,0.3157215268673119,15.14690095143034
1.635373720167106,-0.67923117055804,2.5426497334702267,-4.673409392155041,-18.35563884861152
-3.219640331302486,-0.6059501030554781,4.184264321454086,-0.24403808177991704,3.45314800419049
4.610703174694551,1.1293958249452551,4.509285945025484,-0.9225189499726771,10.409864575440166
-3.5133727224688704,4.430758377447076,0.7712258603832078,-3.3878118802487744,-1.56863819424943
-0.8537587627297627,-2.59307288167495,-1.428788406994972,1.5640960350065691,2.074992488117776
-4.146503319213561,-3.7849862369908194,2.8754908585877925,4.711509073682858,26.780543262802304
4.968742518459473,-3.025295101400627,-2.4899861673769976,0.6218881106452512,13.577438056419378
0.02195010331242586,3.869249002092695,0.6407402883351776,2.1475327644394584,-3.4277023879645445
0.9538501732004379,1.4581081265520601,-1.4142153847512684,-4.315495474339832,-16.878781047809817
-4.329235226115725,-2.140932107608399,1.566310737078761,-0.8233300418300527,8.28296860128028
2.499604703991778,3.1594693896861727,-2.596010871064931,-3.8364151483550413,-6.902268436560842
-2.9009440690441424,3.6136999636343603,-3.0840705426517423,1.127958355365104,4.540017990008398
3.9805428944071375,3.4651433869027803,4.182390866754371,4.384821582141546,21.97232977291049
-2.9486035951799283,4.189265336395545,-3.981963170504631,1.6177773247163851,3.2239558154726726
-3.0931227933633343,-2.477589798266384,0.059579077349316556,-4.231969516855784,-9.977483140804042
-4.634503321519051,2.550419287462783,-2.791472170369911,-1.4533379501491717,9.967230309842293
-0.2793305489000075,-0.3946050272585999,-4.610700366743325,0.5066337944085153,-1.0932271117803694
0.6484113326261642,3.4199855289006154,-4.639811817085736,-0.9679224386674778,-0.9328131946807727
-4.342913605716476,2.284906771616132,-3.2477822789417266,3.3364401047517234,18.250923814595183
2.7552761669501056,2.7644744649972464,3.667703545060003,3.146710047099892,8.991996947593721
-0.46711165251972386,1.561618376810715,-2.1752125602297334,1.1183102010322143,0.21262986748418616
0.2439026932758004,-3.225712305302931,4.504591705752957,-1.2654205486729475,3.9643565953020636
-0.5923725306177186,0.4502691889693833,0.8162229298919355,-2.4466362623675586,-5.601039790211796
-0.9923693912467402,4.846697395245082,-0.6338581023123391,-3.941256817868707,-15.455593696078143
0.5964033130821789,4.373880664971189,0.800888346694546,-1.4510231651344596,1.1340111517193723
-3.447597540692875,-4.568262642029883,0.16698385226267765,-0.8682748279228047,4.45475959579545
-3.1807186950472888,-3.3518518427056287,2.5877625375732514,1.758229251040736,5.5090781198730205
3.617856210135173,-3.6827122654543807,-2.1750393402714776,1.5815982429757347,5.773387756972687
4.461154621336327,2.259799099852955,-1.4694960839969762,-4.29891860358743,-6.458056008844782
-1.2669068372024705,3.1778532985694508,3.9409430253325075,-1.0474068456884222,3.769788829929433
-2.292553268564462,-2.8648863368932806,4.464565131504054,-3.182211327826381,-2.2127556692947254
1.4399954323901576,0.05852692951828997,3.925582274864745,-3.431872946831943,-5.322709193517298
-0.912658289019036,3.407030280112,-0.8055200604268642,3.273021497372459,4.596578123715368
-4.746136443396551,2.328015447662506,2.803655030068817,-4.580847832837424,-10.264456967316551
-3.4384740263380964,0.42237205491848284,-0.23664266698901204,-0.8081712409787867,0.12782458107075723
2.1597222884739753,0.9034769045877289,-0.024601478538978094,-3.3179634423348183,-6.591974668839016
1.5892394191015136,0.08360546916279965,-2.9531989094271607,3.7933021567847405,14.092719447989356
-4.729040074965165,-2.0245154868117945,0.9113030325851645,0.5704051327503512,12.252920679534993
-2.780278380670506,0.6502199285901611,-3.138641022466521,-2.6861936362315197,-0.45457182482954733
-2.689252034119286,1.8888530205009069,-1.6843530093280623,0.02427287166376413,3.5714405442519714
1.7189274359872841,3.7332291586080766,3.5503020161993515,2.314863597031158,2.5804672722665902
-4.802894622456359,1.3629135397924808,-2.9292419078914476,4.581180089194338,31.17265478302169
-3.9589141801542613,2.61121537043158,-4.288417148265672,-2.7955399575458104,4.998803940798591
2.999160853731894,-3.39928365045427,-4.309924073871837,3.861817721293451,12.784458184089882
-3.214553379456664,-0.3844252558021011,4.407845205031079,4.343041141674902,22.149666016072285
1.527461078518747,-4.906683801729067,0.06920437961834613,4.164205445320662,17.473408426387003
-2.618172189532735,-2.53321135478377,-0.9058792818298167,1.3541435686190983,3.0938321426282114
-4.005586072406548,2.2646171511300484,3.1087858100791843,1.298206544347077,9.861345059640918
-2.5682780900054594,4.918099513493635,3.35825927910516,-0.9678936681617722,8.745986991070229
2.2226693185565916,-4.008219004127841,-1.678089668843954,2.5239788230378792,5.477229683663795
3.5569646810628575,-0.9850568413871175,1.9361805747379524,0.3129401835093193,7.118742315149788
3.302198645669916,3.000709686991595,2.711228158518866,1.7743807122829447,5.0934453777896005
-1.0281647038154518,-2.9596436537110113,1.5465068686595451,-0.7154209615120455,0.8178292796232547
1.6808513657064617,0.5508494930228625,-3.4840492519990063,2.3149646404313904,4.814381383569454
-2.9501570458417903,2.330712960296748,3.75883083517057,3.2447151760454904,11.573584839033446
-2.0685226973898674,1.1598545026017903,0.39094552736008703,-3.535637433971839,-8.739608812470939
3.963358185211198,-3.119752653845839,-2.1752757362999633,3.32929715574228,15.647359719900223
-4.86998076489264,-1.4461543131426058,-0.7477181456230608,0.40296531790307233,14.795834988727457
-4.14491469145532,2.837917844853972,-4.624289096010926,3.4466590909022434,17.676319423634823
-2.921137448539727,0.5422651413201662,-3.7213319877758244,-0.6869829365898539,6.125652666094634
-4.734677961261803,-4.947703864570872,2.6554675051586085,-1.2095951461696497,10.38060708731673
-3.185645649102027,2.6099076002809385,-4.999883652446338,4.150607325172224,20.87492129280196
0.8304156096969217,-4.646886450597609,-0.8343417151770782,-2.4883073245159872,-2.1780265063563222
-0.7857544940750205,2.4573378273123216,0.22510181085588443,3.442123252861431,6.56348514498651
3.9267171107697485,-2.975194398347626,-4.453655799990277,-0.15979427490595888,8.345779599479904
3.1744356173844093,4.5807348011938025,4.730781629723328,0.14095442551259718,3.055687518314615
-1.5818264830212403,-1.3205924869791552,-2.738746687503281,-1.9153171851051598,-1.4199182426673982
-2.405765665687075,-1.730683836619209,-1.9580128036371913,0.7304220061901567,3.3504492439614877
-1.203075918327331,-3.511119496675553,-1.9605748774497267,-1.7478880372378869,0.2501854294431963
0.9029494251480774,-1.9439578450978512,-2.695833378826501,-4.607305857583476,-21.530908660369178
-2.3193635917712374,3.766507618282006,-4.985261779136886,-2.2800139465564397,2.427181377649257
1.2414890784913402,4.963343376272473,2.2934479408799637,-4.936209565934093,-22.140639109383404
-0.9058834780875957,-1.3169046949315166,4.668454997992853,4.783547870568566,20.89259997580707
0.5204718085198023,-0.5138936904545743,-2.757065167149549,4.657472098197475,17.266295980216956
-0.6387347086468331,2.2207093820273704,1.6304719180342242,-1.0484470252769496,-0.316317370009625
-2.0553424045808235,3.8619578046507455,2.418963269587151,2.28370854339646,3.6023850922143144
4.484533069621567,0.9304433418678415,3.4842537909052473,-1.5419390158957502,9.548583922814526
2.636057941597608,-1.0847430182217066,-0.7737080298639087,1.7109315708597606,3.749844907778778
-3.5988682423354748,-0.8737815915137626,-1.9706909435957076,3.054300430459791,8.15957430334781
3.684679758979128,1.9561814649680687,-1.7470486597696888,4.467562446922408,23.84545641658901
-0.12568801750486358,-4.967817363957213,2.126213330985128,-0.9978772415032799,-0.8020685299155493
3.9455222689409144,1.1958933745984068,3.1677946650563604,2.832979829560477,13.59826661356879
2.9985525594731524,-1.445069895586426,-3.1838603224339734,-2.340715493678812,0.5343272036021078
-0.7478649553076655,2.9419733127708425,-1.290589918422348,4.903323037936484,27.214704499474283
-4.775306916798826,-4.070093601768678,4.0194019674915005,-4.742304012356488,-13.751862303045737
-2.313226406150539,0.8820226694839051,3.0669351969473926,1.0352880650112095,5.51977197466256
0.4163421466086692,-0.19027110113876256,4.848584027624758,1.5950598165132712,0.44966773301245605
1.3347821982614727,1.423255259052274,2.5424825968208076,1.8804555707412884,3.9398922387511153
-2.421123145667977,-4.351464055170316,-1.0680479897207773,-3.7961242121091097,-7.8503328002555
-3.6064392592717587,0.7998378742813128,0.9063783399463776,4.385297834731304,25.64890279578458
3.3493023679929914,0.6148458795952372,1.610142542473203,-3.1881672094991718,-1.6469785854609258
4.844021807035521,0.6066009441617093,-4.21544183682876,1.2275340323984107,9.904972210507642
0.25690182302685827,1.034876665964548,0.44496959103865086,-2.7732392087691506,-1.3917086723878382
-3.2832071415169652,1.7646793722636223,2.0932082847260958,-1.927835829787291,3.729783244245468
-2.2769267348063105,3.0498899968076976,-3.326786959989396,0.4645854172812436,3.0553698121372097
-4.816093234525333,-2.3017927987178566,2.8063171742555717,-0.8280658143542352,13.95332106459703
4.14298806560499,3.2504941018006206,0.8377278051411163,-3.397743990234937,-1.3268981250325989
-3.8224891710985887,-0.017443177365463747,4.522217856975947,-3.290635975791517,1.3703046090567612
0.7651647551425356,-4.229417208656688,-4.575777017931083,-0.8185521183720035,-0.9967414591082728
-2.25944779312794,-4.4144907075602084,-2.3467386244453303,2.572829782755007,5.694358665277556
0.5417800251579341,-1.657616813039392,1.0155387929982407,3.9796464684778856,12.89691937861914
1.5142038835186422,2.8489697711146755,-2.0344008779406932,-4.158723377406171,-16.239044657964484
3.297418037072016,2.0768093474091573,2.144241640712422,-1.0689609244059894,3.6345132596226537
-2.935787282393968,2.886149646724064,2.59005282521931,-3.997544362771234,-5.7648710834529915
-4.8900417134151954,0.17269056441609365,-3.9748403593352553,-4.834075193674021,-8.864171055992424
-3.6311436993119273,-0.5980100204450944,0.13854464206767725,1.6171868264395661,7.31320668015903
4.000186418481051,-3.5254747329371607,0.08890555591055893,1.0244944196658778,8.702052185298003
3.7389007756251527,-1.7180724639068845,-1.3071922978445893,-3.369808861851138,-1.2520437380519756
0.974131021703083,-0.6598063382612473,4.329248625696721,-2.6618716690693587,-0.584538305953116
1.0051686043365338,-4.113995703203828,3.2750631987322123,-4.762922463554816,-21.505312397657658
1.6503667454625548,-2.7938804728878877,1.9720938190963677,3.3494720569440375,9.341060037172253
-3.246287213765504,0.9822529406373881,2.1432663573499755,4.746905960485515,28.953767342841065
4.144119459249598,2.3566311423918984,-0.38283856186880905,-3.6454046320530917,-2.656618077454543
-0.8122947510792689,4.983475113929496,4.209945210965759,-2.685247862347019,-0.42493631092398765
-1.1686147175050254,4.3311333134355765,1.9459542725328538,3.6840952394693405,7.622426426165697
0.18917705282837538,1.4256519953519153,2.2898106165581646,4.264637979561848,18.78948936131924
-4.53034033224945,-0.78751946705928,3.6169090378734525,-0.8037261719318967,9.412803070238642
-3.337166312439206,1.3617736470823272,-2.25928410657809,-4.4937752773092585,-13.066532185646386
2.3803361642637046,2.85651618080232,3.07070903866703,-4.606081663071806,-20.491535137349736
-4.172013320748736,-3.816638090766127,-3.04759397043508,0.7394986606901044,7.87413833102365
1.031521094663882,-0.9009511030371176,-1.5465804775511216,-1.0710489110682098,-1.7933250232231468
-2.5465089031867905,3.398022856356172,-1.643895457301573,-4.713475724223455,-18.91665873032928
-1.1070438595802345,-1.16167048066956,4.785254683891406,0.8325239231255677,0.45355493589328294
-2.1130626322930013,0.7187227122718653,3.5653722374792682,-4.886974634109775,-19.1945548649263
-1.4432728353505087,0.8776936086219822,2.0116986159025974,2.87371958149273,6.203112068565695
2.190459051842455,-3.155237468663606,2.270567616153901,-1.9356717729662842,1.563883975225234
-2.0287828437682496,-1.3776455834771162,0.6207279440257107,-4.597419969907679,-19.567521170712574
0.6640464029689719,-1.6548871125806786,4.47090667108519,0.8835222098315332,-1.4030918478940537
-0.23949597800900335,-4.738032914679352,-0.037412471176384576,-1.023155855669453,3.4119114856465624
1.6367116536264814,-4.758082361086448,-1.1948229013010547,4.738004133571495,21.141401179325413
4.36829739324758,3.3169704367577344,-3.36964663068409,0.4419866250370219,12.870696171897073
2.325720972102503,-2.2692919002718757,2.8620565226105796,-2.247608189629917,-0.05250097400905068
-2.850596214092432,0.18078766238815436,2.3444393207559147,2.0943886463397474,5.9049172570490445
-4.688168649387153,-2.0127442641122695,-1.1564496147586512,-2.285079974572887,10.743842590095621
-2.377359557001749,4.406792451153406,-4.748065860407706,4.0424329140756505,18.58139665644535
0.9507793070025483,-2.4070324113422625,3.389973277180107,-1.2527802949262357,-0.16287180356766354
-4.485741865157497,-0.7034318726106492,-4.885820165459264,0.49868562776205216,9.309257295352738
-0.036337527987636564,3.727302504846018,2.0369977962905095,-4.494268961757712,-18.266637217741742
0.9684284891688921,3.4193356679180864,4.70257109726057,-0.7387876204776922,1.064194812933801
-1.6575610918303918,-3.1389858215372266,-0.6233867185179653,3.3236353966099497,10.499304173767912
2.7091220374582194,3.026433097957104,-2.650265950040472,3.0564880536334194,9.388945984443946
-3.934017468662282,-0.4181311326210735,2.048710100433817,-2.7568144114647373,4.785647242872019
-4.248622182641912,-0.17031127914644784,3.1712814201558515,-2.739209289894373,8.191510663306879
2.2818875620360335,-3.6652002758405624,0.4643031607784731,3.1730531221323677,9.75555329410363
-0.04508683793801538,-4.193984862428754,4.670352752561461,4.303984201693255,16.569963824287967
1.8840239642773604,2.279393069737652,-4.483312783420389,-4.0463907872699645,-14.513585078900949
-0.6517266139625377,-0.03538847644700249,0.04795598304528137,-0.4994136057377474,-5.073998627962394
-2.535979667608932,-0.6314929738482045,2.1845394732255006,-1.6254572103577103,3.1334201742284002
3.1910231767419974,2.295082286523967,3.62640471149179,3.706884554574393,15.088921012769736
2.9941587896897923,2.6551289899110975,-3.2074438809220993,-4.164750853199813,-10.99471729765079
1.9469647085442676,-3.4109183233064644,3.000034817636814,-2.888740574419626,-2.438809044424387
-2.2785486277003733,1.1022514947764128,0.5270707571854527,2.524683375864943,5.693564036826846
0.902306668690871,-3.6464591772231447,-1.0344631801003679,-4.487061510187845,-15.405609744340445
-1.390261030599732,2.5137508602904566,-3.6828497142090644,-0.07464619285710739,1.1385514165949582
-4.084179266733658,1.5695515626713952,3.652957589089124,-0.5789296532027999,6.807606811627491
4.173135754622428,4.56614621083458,-3.4272679182028467,-1.6559882101125134,9.77962120693425
-3.631813690810386,-4.310419836435788,-1.9021214079090076,-1.0542768468107622,5.926407519081492
4.502373538208024,-4.429452788487457,-2.0995446803756312,0.2994058693023294,11.19412508656135
-0.5399422704204426,-2.1781292530679988,3.714140341908543,-3.3863264161161686,-8.575393508040753
