PredictedHours,CoolRate,QuenchDuration,ForgeDuration,HeatProcessTime,NickelComposition,IronComposition,CobaltComposition,ChromiumComposition,MinorDefects,MajorDefects,EdgeDefects,ComponentType_Blade,ComponentType_Block,ComponentType_Nozzle,ComponentType_Valve,StructureType_colGrain,StructureType_equiGrain,StructureType_singleGrain,InitialPosition_Bottom,InitialPosition_Top,FormationMethod_Continuous,FormationMethod_Die,FormationMethod_Investment
1461.797,12.836,3.803,6.515,47.005,65.45,16.618,16.51,0.938,10,0,0,0,0,1,0,0,1,0,1,0,0,1,0
1825.977,19.032,2.593,3.521,45.246,54.162,34.916,6.063,4.292,19,0,0,0,1,0,0,0,0,1,1,0,0,0,1
707.101,28.418,0.772,1.327,9.639,52.565,36.486,8.927,3.355,35,3,0,1,0,0,0,0,1,0,1,0,0,0,1
1086.37,9.084,1.99,2.201,20.009,56.665,23.436,17.04,2.827,0,1,0,0,0,1,0,1,0,0,0,1,1,0,0
1813.529,16.196,4.092,3.881,15.904,60.502,26.995,11.382,1.564,10,0,0,1,0,0,0,1,0,0,0,1,0,1,0
651.53,28.178,4.496,3.871,17.942,49.471,33.916,12.389,3.928,21,4,0,0,0,0,1,1,0,0,0,1,0,0,1
1803.015,19.146,2.754,4.339,56.435,64.557,17.653,16.813,1.738,18,0,0,0,1,0,0,0,1,0,1,0,0,1,0
1545.105,16.223,1.496,9.422,51.182,53.483,36.466,8.869,1.089,21,0,0,0,1,0,0,0,1,0,1,0,1,0,0
1353.171,20.79,1.385,4.199,54.146,58.131,20.493,15.864,4.736,24,1,0,1,0,0,0,0,1,0,1,0,1,0,0
993.995,9.996,3.748,6.698,23.054,66.564,14.337,17.928,0.618,0,0,0,0,0,0,1,1,0,0,1,0,0,1,0
1763.638,16.81,1.472,2.996,54.761,58.447,25.628,11.722,3.649,4,0,0,0,1,0,0,1,0,0,0,1,0,1,0
1644.276,25.488,0.766,2.191,33.495,62.351,19.171,16.054,3.363,20,2,0,0,1,0,0,1,0,0,1,0,0,0,1
888.53,5.089,3.13,3.136,5.755,69.698,18.172,10.972,1.508,0,0,0,0,0,0,1,0,1,0,1,0,0,0,1
1498.329,22.576,3.676,7.267,32.605,66.78,20.352,10.4,2.67,25,0,0,0,0,0,1,1,0,0,1,0,0,1,0
1023.93,8.066,3.665,6.913,11.263,64.972,16.091,14.132,4.008,3,3,0,0,0,0,1,1,0,0,1,0,0,1,0
1558.471,18.306,4.614,2.483,21.888,51.954,41.901,5.306,0.738,14,0,0,0,0,1,0,0,1,0,0,1,0,1,0
1744.284,18.757,3.956,4.471,53.575,68.471,22.13,6.433,1.289,33,3,0,0,1,0,0,0,1,0,0,1,1,0,0
1494.989,21.057,4.887,8.328,14.191,63.187,25.468,9.074,1.718,22,0,0,0,0,0,1,0,1,0,1,0,0,1,0
1068.244,8.133,4.365,2.398,25.809,63.521,24.064,10.32,2.226,0,0,0,0,0,0,1,1,0,0,1,0,0,1,0
1039.704,9.814,0.634,5.856,7.35,66.681,22.258,9.847,1.91,0,0,0,1,0,0,0,0,1,0,0,1,0,1,0
1249.526,19.15,4.858,8.278,56.718,51.371,32.234,13.016,3.64,31,0,0,0,0,0,1,1,0,0,0,1,0,0,1
1350.491,10.911,2.787,1.297,50.876,68.503,17.889,12.476,1.379,9,0,0,0,0,1,0,0,0,1,1,0,0,1,0
1814.934,20.34,0.733,7.062,21.91,71.106,18.977,9.318,2.328,6,0,1,1,0,0,0,0,0,1,0,1,1,0,0
970.813,8.151,4.694,2.295,40.775,70.432,20.004,7.679,2.252,4,0,0,1,0,0,0,0,1,0,0,1,0,0,1
1198.7,14.249,2.462,4.342,24.045,54.563,27.581,14.51,3.828,9,0,2,0,0,0,1,0,0,1,1,0,0,0,1
1796.522,15.983,2.932,5.393,3.464,68.155,11.351,18.385,2.062,18,1,0,1,0,0,0,0,1,0,1,0,0,0,1
1443.024,24.348,4.915,6.85,11.423,67.384,16.24,14.449,1.256,34,0,6,0,1,0,0,0,0,1,0,1,0,1,0
1248.47,30.413,3.007,1.981,28.611,60.695,23.378,11.825,2.839,19,0,0,0,0,1,0,1,0,0,0,1,0,0,1
894.063,26.805,3.476,3.423,44.338,53.207,31.737,11.267,4.494,47,0,0,1,0,0,0,0,0,1,0,1,1,0,0
1582.804,24.316,3.924,2.885,15.97,60.224,28.97,6.37,2.986,19,1,0,0,0,1,0,1,0,0,1,0,0,0,1
1533.92,13.741,3.359,5.286,15.495,68.694,8.843,17.536,4.513,12,0,0,0,0,1,0,1,0,0,0,1,0,0,1
984.946,25.096,0.772,7.924,30.607,50.516,37.105,9.785,2.373,22,0,0,0,0,0,1,0,0,1,1,0,0,0,1
1529.921,19.784,4.254,7.909,23.224,55.473,32.694,7.405,4.919,17,0,6,0,0,0,1,0,0,1,0,1,1,0,0
1781.758,18.712,4.218,2.529,8.066,66.055,27.346,6.021,0.561,23,0,0,0,0,0,1,1,0,0,0,1,0,0,1
1142.918,29.492,3.154,7.027,7.594,57.176,22.334,16.793,3.045,32,0,0,1,0,0,0,0,0,1,0,1,1,0,0
1163.346,9.071,0.825,7.215,19.657,60.617,24.231,13.611,1.151,0,0,0,0,1,0,0,0,0,1,0,1,0,1,0
1560.389,21.859,3.663,5.804,46.572,64.551,28.945,6.429,0.555,23,0,0,0,0,1,0,1,0,0,1,0,1,0,0
1656.338,23.207,3.165,1.559,32.953,60.068,19.822,18.013,3.509,27,0,0,0,1,0,0,0,0,1,1,0,0,1,0
1845.944,18.67,2.364,5.346,36.531,62.06,27.907,8.883,1.292,17,0,0,0,0,0,1,0,0,1,1,0,0,1,0
1074.901,27.793,2.782,8.727,11.496,67.716,14.459,14.565,4.779,28,2,0,1,0,0,0,0,1,0,1,0,0,0,1
758.438,28.044,2.332,2.103,39.196,54.688,35.161,9.112,1.875,25,1,0,0,0,0,1,1,0,0,1,0,0,0,1
1807.401,18.209,3.138,6.337,4.472,57.299,29.986,10.535,1.872,29,0,0,0,1,0,0,1,0,0,0,1,0,0,1
1135.432,23.826,3.263,5.248,47.898,50.283,24.858,19.926,4.27,25,0,0,1,0,0,0,0,1,0,1,0,1,0,0
1472.287,21.106,2.324,6.216,9.063,57.108,26.87,14.672,1.159,31,0,0,0,1,0,0,0,1,0,0,1,0,1,0
1055.051,9.139,4.453,4.916,58.422,62.979,22.892,12.381,2.445,0,0,0,0,1,0,0,0,0,1,1,0,0,1,0
1680.706,13.06,3.713,3.72,29.275,64.172,21.197,11.277,3.72,10,4,0,0,0,1,0,0,1,0,1,0,1,0,0
1105.659,7.915,4.805,9.431,24.8,57.067,19.99,19.689,3.116,0,0,2,0,1,0,0,0,0,1,0,1,0,1,0
1578.546,17.658,4.941,6.689,50.179,68.919,15.884,14.016,0.971,10,4,0,0,0,0,1,0,1,0,0,1,0,1,0
544.015,7.104,1.072,2.679,44.729,50.394,27.441,17.086,4.952,4,4,0,1,0,0,0,0,1,0,0,1,1,0,0
1656.127,16.674,0.659,8.559,7.094,57.985,20.308,17.481,4.543,28,0,0,0,0,0,1,0,1,0,0,1,1,0,0
1400.97,13.195,0.649,1.492,38.915,62.919,30.116,5.695,0.591,10,2,0,1,0,0,0,1,0,0,1,0,0,1,0
1706.435,21.024,4.068,4.487,36.071,62.899,20.106,13.615,4.451,20,2,0,0,0,1,0,0,1,0,1,0,1,0,0
1025.059,26.457,0.76,9.412,22.801,61.537,29.111,7.293,1.467,27,4,0,0,0,0,1,1,0,0,0,1,1,0,0
1513.989,14.167,4.814,2.429,21.629,54.352,27.005,13.161,4.474,12,2,0,0,1,0,0,0,1,0,1,0,1,0,0
1208.715,24.478,0.619,4.478,25.492,52.735,31.046,15.244,1.275,27,0,0,0,0,1,0,0,0,1,1,0,0,0,1
1196.089,12.922,2.285,6.612,36.97,51.323,30.361,16.623,1.743,7,0,1,0,1,0,0,0,0,1,1,0,0,1,0
730.308,29.31,1.737,9.037,58.668,57.826,26.37,14.929,0.874,15,0,2,0,0,1,0,0,0,1,0,1,0,1,0
1361.44,13.945,3.488,3.215,17.227,55.52,22.441,18.016,3.295,10,3,0,0,0,0,1,0,1,0,1,0,1,0,0
1435.788,14.988,3.642,5.534,48.302,66.755,19.933,10.719,3.188,9,0,0,0,0,0,1,0,1,0,1,0,0,0,1
1455.211,23.117,2.805,7.625,45.141,63.638,17.357,15.236,3.858,27,2,0,0,0,0,1,0,1,0,0,1,0,1,0
1846.242,18.269,3.35,8.074,12.695,71.049,9.025,18.39,3.046,7,0,0,1,0,0,0,1,0,0,0,1,0,1,0
1055.18,30.581,3.612,4.84,11.584,58.157,27.982,13.941,0.703,19,0,0,1,0,0,0,0,0,1,0,1,1,0,0
723.855,5.054,5.001,9.578,16.342,51.545,38.608,6.163,3.787,3,2,0,1,0,0,0,1,0,0,1,0,0,0,1
1417.501,11.961,4.642,6.693,1.149,68.187,14.472,15.693,1.372,1,0,0,0,0,1,0,0,0,1,0,1,0,1,0
1652.036,19.937,2.131,6.579,20.323,51.787,34.238,10.936,3.056,21,0,0,0,0,1,0,0,1,0,1,0,1,0,0
1410.795,20.19,1.396,7.906,48.723,51.988,29.189,15.02,3.158,20,3,0,0,0,0,1,0,1,0,1,0,0,1,0
1036.752,5.937,0.771,1.373,4.226,62.017,28.485,6.752,2.538,0,0,0,0,0,1,0,1,0,0,1,0,0,0,1
1274.107,6.891,1.02,6.336,47.442,66.571,21.566,8.219,3.04,0,0,0,0,1,0,0,0,0,1,0,1,1,0,0
1024.965,28.831,4.706,4.584,58.746,70.059,15.571,11.262,3.852,25,0,0,0,1,0,0,1,0,0,1,0,0,1,0
1750.276,19.83,0.665,2.89,39.186,56.623,27.935,11.009,2.878,35,3,0,1,0,0,0,1,0,0,0,1,0,0,1
1434.726,23.804,1.495,1.18,19.115,55.958,29.633,13.298,1.676,22,0,0,0,1,0,0,0,0,1,1,0,0,0,1
1563.597,21.766,1.481,2.139,26.677,68.342,13.196,16.605,2.352,22,0,0,0,0,1,0,0,0,1,1,0,0,0,1
699.054,25.524,0.81,7.315,23.88,52.209,26.613,19.074,1.827,31,0,4,0,0,1,0,0,0,1,1,0,0,0,1
1126.872,8.826,2.436,4.36,54.875,63.863,20.488,9.476,4.936,12,0,0,0,1,0,0,0,0,1,0,1,1,0,0
2000.104,16.312,0.721,7.71,3.798,64.741,22.307,10.842,3.182,16,0,0,0,0,1,0,0,0,1,1,0,1,0,0
989.966,6.98,2.984,1.796,1.143,58.992,18.558,19.391,2.475,0,0,0,0,0,0,1,0,0,1,0,1,1,0,0
994.647,10.949,4.869,1.537,47.285,51.092,29.669,17.582,1.738,13,0,0,1,0,0,0,0,1,0,1,0,0,0,1
884.577,6.043,0.838,9.606,36.589,54.895,30.464,13.061,1.124,19,0,0,0,1,0,0,0,0,1,0,1,0,0,1
1674.963,19.775,4.914,4.98,55.176,66.156,12.987,16.137,4.715,22,0,0,0,0,0,1,1,0,0,0,1,0,1,0
1027.486,26.468,4.165,1.466,45.961,69.632,24.161,5.3,0.62,33,0,0,0,1,0,0,1,0,0,1,0,0,0,1
1938.056,17.195,4.67,3.876,25.354,68.407,20.886,7.729,1.687,11,0,0,0,0,1,0,0,1,0,1,0,1,0,0
1159.269,8.852,4.284,3.3,49.111,62.372,18.468,16.119,2.513,4,2,0,0,0,1,0,0,1,0,0,1,1,0,0
1903.874,17.941,2.856,4.911,18.472,67.215,12.379,18.42,2.738,17,0,0,0,0,0,1,0,0,1,1,0,0,1,0
763.435,26.394,4.391,9.523,29.468,50.608,32.384,11.173,4.901,26,4,0,0,1,0,0,1,0,0,0,1,0,1,0
1218.606,26.463,3.355,5.514,1.977,68.267,10.076,16.729,4.11,33,0,0,0,1,0,0,0,0,1,1,0,0,1,0
1613.101,15.979,3.93,1.299,53.256,57.951,34.891,6.424,0.564,10,0,0,0,0,1,0,0,0,1,0,1,0,0,1
1155.889,27.122,2.293,3.537,24.326,60.999,30.22,5.131,4.724,41,0,0,1,0,0,0,0,0,1,1,0,0,1,0
1100.562,24.667,1.409,9.61,33.15,50.273,28.689,17.905,1.998,29,0,0,1,0,0,0,0,0,1,1,0,0,1,0
1535.276,15.295,1.894,1.314,14.966,62.582,22.053,13.278,2.318,7,0,0,0,0,0,1,1,0,0,1,0,1,0,0
954.458,25.721,1.921,3.426,2.837,52.646,33.672,8.969,3.137,36,0,0,0,1,0,0,1,0,0,1,0,0,0,1
1494.862,14.248,1.891,4.491,30.937,56.817,22.238,15.758,3.835,9,0,0,0,0,1,0,0,1,0,1,0,0,0,1
1359.992,25.15,2.781,8.045,51.223,57.149,34.406,7.129,0.768,23,0,0,0,1,0,0,1,0,0,1,0,0,0,1
1142.182,21.09,2.342,8.615,48.988,53.506,30.442,16.01,0.672,39,0,0,0,0,1,0,0,0,1,0,1,0,1,0
1220.715,27.014,2.372,5.301,12.959,61.899,30.959,5.241,0.958,31,0,0,0,1,0,0,1,0,0,1,0,0,1,0
1248.285,7.914,3.024,6.577,20.422,61.353,21.493,14.954,0.721,0,0,0,0,1,0,0,0,1,0,0,1,1,0,0
1090.439,12.832,4.462,6.092,25.105,50.285,35.016,14.192,0.782,19,0,0,1,0,0,0,1,0,0,0,1,1,0,0
1243.49,9.888,4.975,5.126,42.713,64.283,23.158,8.158,4.877,0,0,0,0,1,0,0,0,0,1,0,1,0,1,0
1514.587,14.812,2.443,3.208,35.86,66.215,10.537,17.819,4.553,0,1,0,1,0,0,0,0,1,0,0,1,0,1,0
935.566,5.056,4.726,8.892,15.974,55.894,27.573,14.515,1.347,5,0,0,0,0,1,0,0,0,1,0,1,0,1,0
861.896,26.838,3.993,9.724,4.778,54.027,37.341,6.276,1.997,31,0,0,1,0,0,0,1,0,0,1,0,0,0,1
834.755,25.54,1.871,1.151,32.088,50.098,30.022,15.137,4.213,32,0,0,0,1,0,0,0,1,0,1,0,0,0,1
1269.027,8.15,3.154,9.069,26.272,67.509,10.079,19.04,3.507,0,0,0,0,1,0,0,1,0,0,1,0,0,1,0
1017.647,7.107,3.965,2.45,35.298,66.488,18.674,10.795,4.271,0,3,0,0,0,0,1,1,0,0,0,1,0,1,0
1387.185,24.411,0.837,1.925,46.684,66.422,17.713,12.808,2.897,26,3,0,0,0,0,1,0,1,0,1,0,1,0,0
1695.02,22.436,2.185,1.426,42.917,61.771,22.056,12.203,3.097,17,0,0,0,0,1,0,0,1,0,1,0,1,0,0
926.257,5.922,1.151,4.947,31.646,54.194,35.507,7.252,1.597,2,0,0,0,1,0,0,1,0,0,1,0,0,0,1
1416.663,11.95,3.895,6.144,44.32,56.607,33.371,8.084,1.452,10,0,0,0,0,1,0,1,0,0,1,0,1,0,0
1358.658,11.114,4.593,2.706,34.331,55.447,23.225,19.143,0.69,9,0,0,0,0,1,0,1,0,0,0,1,0,1,0
1799.544,22.172,4.569,5.991,42.696,63.045,22.908,11.533,3.1,26,0,0,0,1,0,0,0,0,1,1,0,1,0,0
863.232,26.626,3.772,1.798,59.944,67.435,18.075,11.521,4.528,35,0,0,1,0,0,0,0,1,0,0,1,0,0,1
1095.608,28.354,2.632,2.735,54.93,66.365,21.033,11.541,2.78,30,0,2,0,1,0,0,0,0,1,1,0,0,1,0
1073.276,13.846,2.559,9.263,31.62,52.354,37.434,9.374,1.548,12,4,0,0,0,1,0,0,1,0,1,0,0,0,1
891.728,6.923,0.523,1.765,50.652,62.662,17.918,17.774,2.17,0,0,0,0,0,0,1,0,0,1,0,1,0,0,1
1395.631,25.037,0.67,3.59,2.016,70.089,15.117,12.869,2.365,33,4,0,0,1,0,0,0,1,0,0,1,0,1,0
940.763,7.026,4.075,9.751,57.351,67.099,19.211,8.436,4.483,2,0,0,0,0,1,0,0,0,1,1,0,0,0,1
787.946,9.029,3.885,7.989,30.067,53.046,35.132,7.734,4.728,1,0,0,0,0,0,1,0,0,1,1,0,1,0,0
1563.868,22.624,3.402,4.987,24.96,61.85,17.098,16.296,4.996,22,1,0,0,0,1,0,0,1,0,0,1,0,0,1
1801.231,19.287,4.903,7.737,9.803,59.677,25.846,11.87,2.821,21,0,0,0,0,0,1,0,1,0,0,1,0,1,0
1315.721,29.719,4.474,4.088,49.277,65.68,19.743,12.959,2.171,28,0,0,0,1,0,0,0,0,1,1,0,1,0,0
1007.032,5.911,4.711,2.452,57.389,65.623,11.881,19.977,2.082,4,0,0,0,1,0,0,1,0,0,1,0,0,0,1
1380.713,21.327,2.237,2.566,29.147,52.009,30.356,12.704,4.165,19,0,0,0,0,1,0,0,1,0,0,1,1,0,0
1082.219,28.51,1.56,5.959,18.879,57.409,31.702,6.402,4.875,35,0,0,0,1,0,0,0,0,1,0,1,0,0,1
1761.463,17.246,3.871,5.335,48.38,57.471,26.474,13.659,0.827,31,0,0,0,0,1,0,0,0,1,0,1,0,1,0
1148.266,30.371,2.791,7.478,33.925,68.74,19.227,7.918,4.598,10,4,0,0,1,0,0,0,1,0,0,1,0,1,0
993.628,8.05,2.885,5.753,28.57,69.977,10.121,19.918,1.16,1,4,0,1,0,0,0,0,1,0,1,0,1,0,0
1508.678,25.051,2.587,4.499,15.106,55.896,25.438,17.108,2.038,30,0,0,0,1,0,0,0,1,0,0,1,1,0,0
1105.496,25.57,1.287,1.45,46.572,60.532,23.889,11.017,4.423,28,0,0,0,0,1,0,0,1,0,1,0,0,1,0
1516.48,20.923,1.658,1.652,18.311,57.538,23.074,14.986,3.561,32,0,0,0,0,0,1,0,0,1,0,1,1,0,0
1258.697,22.883,4.711,5.477,9.76,54.009,29.365,12.879,2.943,19,0,0,0,0,0,1,0,1,0,1,0,0,1,0
1045.909,9.904,0.499,9.466,42.583,66.716,26.064,6.321,1.692,1,0,0,0,0,1,0,1,0,0,1,0,0,1,0
1558.654,12.107,4.646,9.474,45.105,63.029,21.363,11.113,4.489,10,0,0,0,0,1,0,0,0,1,1,0,0,1,0
1581.671,18.997,4.451,6.969,28.366,53.762,29.54,15.246,1.768,7,1,0,1,0,0,0,0,1,0,0,1,0,0,1
912.708,8.849,0.852,5.829,49.136,67.363,12.93,17.68,1.09,5,0,0,0,0,1,0,0,1,0,0,1,0,1,0
1853.174,18.787,4.275,9.807,7.802,68.272,18.463,8.701,2.766,17,4,0,0,1,0,0,0,1,0,1,0,0,0,1
1369.938,25.183,2.381,9.584,2.198,63.517,17.32,17.58,2.407,34,2,0,0,0,0,1,1,0,0,0,1,0,1,0
1557.179,10.813,4.448,4.893,44.041,69.486,19.318,8.056,2.515,3,0,0,0,1,0,0,0,0,1,0,1,0,1,0
1564.055,24.337,4.562,5.897,22.494,59.846,32.603,6.24,1.524,24,0,0,1,0,0,0,0,0,1,1,0,1,0,0
1618.266,20.996,1.161,5.219,42.16,67.604,21.588,7.216,2.893,29,3,0,0,1,0,0,0,1,0,1,0,1,0,0
916.364,26.979,0.563,7.476,48.246,61.235,18.531,19.904,1.012,31,1,0,1,0,0,0,1,0,0,1,0,0,1,0
1262.28,28.103,2.333,5.562,31.812,70.794,20.555,6.097,3.877,20,0,0,0,0,1,0,0,1,0,0,1,1,0,0
989.746,8.104,4.75,2.069,56.721,61.245,18.375,18.168,2.649,0,0,0,0,0,1,0,0,1,0,0,1,0,1,0
948.468,27.83,4.197,3.722,3.813,59.822,23.131,13.981,1.835,45,2,0,0,0,0,1,0,1,0,0,1,0,0,1
1071.412,8.057,2.269,3.251,43.158,69.928,22.167,6.501,1.358,1,0,0,0,1,0,0,0,0,1,1,0,0,1,0
1101.586,25.066,4.486,8.032,44.533,53.979,31.781,13.779,1.363,21,0,0,0,0,0,1,0,0,1,0,1,0,1,0
1189.206,14.86,1.768,7.371,51.772,55.611,25.283,15.667,3.848,26,0,0,0,0,0,1,0,0,1,0,1,0,1,0
1519.471,11.167,2.137,2.387,5.352,61.632,22.448,12.348,4.218,11,1,0,0,1,0,0,0,1,0,1,0,0,1,0
1590.4,12.143,4.243,9.935,45.123,60.578,27.764,7.364,4.703,7,0,0,0,1,0,0,1,0,0,0,1,1,0,0
1466.647,21.133,1.472,7.419,51.946,62.909,24.188,9.739,4.098,23,0,5,0,1,0,0,0,0,1,1,0,0,0,1
1279.338,12.168,3.559,7.647,41.295,54.83,35.467,9.488,0.635,5,0,0,0,0,1,0,1,0,0,1,0,1,0,0
811.184,27.397,0.962,9.722,59.165,61.174,23.309,13.383,1.673,31,0,0,1,0,0,0,0,1,0,1,0,0,1,0
1444.49,24.2,4.361,9.72,22.137,53.668,31.761,9.491,4.877,23,0,0,0,1,0,0,0,1,0,1,0,1,0,0
1415.835,25.337,3.109,7.108,3.058,55.747,30.459,8.71,4.376,30,0,0,0,0,1,0,1,0,0,0,1,1,0,0
1295.769,19.15,1.694,8.146,22.62,52.088,34.636,12.925,0.777,19,4,0,0,0,0,1,1,0,0,0,1,0,1,0
915.194,26.187,3.556,8.994,57.995,60.524,18.157,18.078,3.888,34,0,0,1,0,0,0,1,0,0,1,0,0,1,0
1087.024,10.047,3.867,6.824,32.399,60.584,28.509,6.153,4.816,1,0,0,0,0,0,1,0,0,1,1,0,1,0,0
1128.554,25.253,2.85,3.702,57.35,52.836,35.356,8.549,2.241,24,3,0,0,1,0,0,0,1,0,1,0,1,0,0
890.802,7.891,4.81,8.954,25.611,54.858,25.375,14.771,4.589,1,1,0,0,0,0,1,1,0,0,1,0,1,0,0
1491.658,24.366,0.706,1.179,27.41,67.596,10.564,17.773,4.798,25,0,0,0,0,1,0,1,0,0,0,1,0,0,1
1446.598,14.208,2.355,3.039,29.521,64.763,17.915,14.571,2.301,38,0,0,0,0,0,1,0,1,0,0,1,0,1,0
1572.586,17.661,1.252,6.218,26.57,52.32,41.825,5.056,0.799,18,0,0,1,0,0,0,1,0,0,0,1,1,0,0
1041.801,10.13,1.771,7.114,25.995,60.541,20.345,15.754,3.565,0,4,0,1,0,0,0,1,0,0,1,0,0,1,0
1170.984,25.614,4.331,5.552,1.691,63.874,26.031,5.48,3.142,30,0,0,0,0,0,1,0,1,0,1,0,1,0,0
1020.421,9.934,2.634,7.371,16.993,58.063,24.274,14.253,2.821,0,0,0,0,0,0,1,0,1,0,0,1,0,1,0
1118.488,5.049,3.943,1.16,11.126,61.403,21.41,12.811,4.287,0,0,0,1,0,0,0,0,0,1,1,0,0,0,1
617.433,25.647,0.739,3.801,4.71,49.365,32.508,14.733,2.478,26,0,0,0,0,0,1,0,1,0,1,0,1,0,0
1271.802,29.369,3.954,3.329,26.701,59.451,27.108,9.998,4.356,23,0,0,0,1,0,0,0,0,1,0,1,0,1,0
930.293,28.372,1.397,9.378,56.002,58.659,21.371,17.579,1.837,27,0,0,0,1,0,0,1,0,0,0,1,0,1,0
1488.567,21.006,3.94,6.417,41.29,61.556,27.709,8.296,2.045,41,0,0,0,0,0,1,1,0,0,0,1,1,0,0
1112.561,26.467,4.502,1.991,10.204,66.62,11.541,19.741,0.898,53,0,0,1,0,0,0,0,0,1,0,1,1,0,0
1513.101,23.796,0.536,9.765,2.46,63.152,23.302,10.708,3.023,22,0,0,1,0,0,0,1,0,0,1,0,1,0,0
1352.438,11.051,2.569,5.967,33.373,55.016,35.042,8.374,0.77,21,0,4,0,1,0,0,0,0,1,0,1,1,0,0
1162.734,6.115,3.587,1.288,4.516,62.664,21.136,13.678,3.036,0,0,0,0,0,1,0,0,0,1,0,1,0,1,0
1260.329,26.137,4.096,9.627,13.21,65.706,16.196,14.658,1.789,44,1,0,0,1,0,0,1,0,0,0,1,1,0,0
1248.332,10.894,1.359,1.203,52.637,65.821,12.253,17.271,3.71,11,3,0,0,0,0,1,1,0,0,1,0,0,1,0
964.8,7.038,1.592,3.725,34.569,69.439,18.039,9.219,3.027,6,1,0,0,0,0,1,0,1,0,0,1,0,1,0
1561.187,13.021,1.287,9.874,41.14,68.001,14.065,15.175,3.579,8,0,0,0,0,1,0,0,0,1,1,0,0,1,0
1297.001,11.123,0.654,8.636,45.952,60.874,25.392,10.095,4.769,10,0,5,1,0,0,0,0,0,1,1,0,1,0,0
1609.475,20.67,1.227,1.665,26.284,61.28,17.319,19.307,1.05,21,0,0,0,0,1,0,0,0,1,0,1,1,0,0
1743.973,16.167,2.368,7.665,14.737,53.212,31.366,10.685,4.231,28,0,0,0,1,0,0,1,0,0,0,1,0,1,0
944.041,28.046,3.732,1.128,3.8,58.064,23.31,18.061,1.318,40,0,0,1,0,0,0,1,0,0,0,1,1,0,0
1120.014,9.167,2.143,1.368,31.238,64.151,23.186,7.935,4.352,1,0,0,1,0,0,0,0,1,0,0,1,0,1,0
1084.637,28.817,3.292,3.242,50.748,57.863,24.868,13.451,4.171,37,2,0,0,1,0,0,0,1,0,0,1,1,0,0
1085.858,29.154,0.785,8.664,9.962,61.742,27.442,6.502,2.988,24,0,0,0,0,0,1,0,0,1,1,0,0,0,1
1126.632,27.467,2.431,8.95,19.614,71.066,11.064,15.688,3.845,32,2,0,0,0,1,0,0,1,0,1,0,0,1,0
753.513,7.873,3.984,2.972,22.426,52.472,38.951,5.005,3.252,6,2,0,1,0,0,0,0,1,0,0,1,0,0,1
1181.624,8.14,4.284,7.3,48.455,67.369,14.757,16.921,2.544,3,0,0,0,1,0,0,0,1,0,1,0,0,0,1
1184.431,26.195,5.044,9.754,25.279,65.026,27.999,7.086,0.683,35,0,0,1,0,0,0,0,1,0,1,0,1,0,0
1695.285,15.723,2.992,1.849,3.531,55.097,23.696,17.326,3.358,29,0,0,1,0,0,0,0,0,1,0,1,0,0,1
1528.2,21.825,1.477,2.371,49.258,69.772,9.943,18.861,2.482,25,0,0,0,1,0,0,0,1,0,1,0,0,1,0
956.579,24.2,4.439,7.87,59.786,51.612,31.97,11.649,3.869,30,0,0,0,0,0,1,0,0,1,1,0,1,0,0
1483.21,15.723,2.526,1.975,20.425,50.449,31.386,14.545,3.613,27,0,0,1,0,0,0,1,0,0,0,1,0,0,1
1141.463,28.092,3.252,9.322,42.109,60.805,32.062,6.496,1.295,34,2,0,0,0,1,0,0,1,0,1,0,1,0,0
1774.971,17.889,0.705,4.052,17.76,69.641,8.09,19.644,3.427,18,3,0,0,0,0,1,0,1,0,1,0,0,1,0
966.961,10.048,0.862,7.726,45.021,67.001,24.491,7.709,2.224,0,0,0,0,0,0,1,1,0,0,0,1,0,1,0
831.641,9.818,1.447,3.002,24.908,54.321,24.194,18.164,3.065,0,0,0,0,0,0,1,0,1,0,0,1,0,0,1
1183.25,24.357,2.315,5.501,1.955,55.919,23.64,19.963,0.834,23,3,0,0,0,1,0,1,0,0,0,1,0,0,1
953.531,7.133,0.958,7.744,17.786,58.543,24.437,16.059,1.027,0,0,0,1,0,0,0,1,0,0,1,0,1,0,0
1365.887,12.225,0.68,6.821,55.091,62.706,17.141,14.503,4.879,13,0,0,0,1,0,0,1,0,0,0,1,0,0,1
777.089,5.05,0.791,8.611,53.069,52.93,31.915,11.292,3.451,1,0,0,0,1,0,0,0,1,0,1,0,0,1,0
1111.0,27.586,1.433,6.064,38.751,56.554,24.867,16.164,1.739,26,0,0,0,1,0,0,0,0,1,1,0,0,1,0
1455.925,14.145,2.721,8.538,13.324,64.462,11.876,18.682,4.415,17,1,0,0,0,0,1,1,0,0,0,1,0,0,1
1607.134,21.582,2.55,9.391,44.987,67.948,10.409,18.378,4.224,19,0,0,0,1,0,0,1,0,0,1,0,0,1,0
776.309,5.885,1.186,4.959,25.148,53.293,29.081,17.693,0.743,2,2,0,0,1,0,0,1,0,0,1,0,0,0,1
1013.849,27.802,0.972,2.394,41.618,55.832,27.203,13.931,3.443,37,0,0,0,0,1,0,0,0,1,1,0,0,1,0
628.103,27.987,2.797,1.924,8.82,51.534,33.374,15.026,0.735,37,0,0,0,0,0,1,1,0,0,0,1,1,0,0
1893.296,16.173,4.006,7.591,31.243,65.477,23.575,6.753,4.159,18,0,0,1,0,0,0,0,1,0,1,0,0,0,1
929.453,5.037,4.887,1.065,48.817,69.287,20.381,8.04,2.798,4,0,0,0,0,0,1,0,1,0,0,1,0,1,0
1393.434,10.976,1.582,8.685,25.863,62.017,30.699,5.479,1.395,9,0,0,0,0,0,1,0,0,1,1,0,0,0,1
1009.422,5.946,3.977,2.294,24.566,56.381,32.781,10.61,0.863,3,0,0,0,1,0,0,0,1,0,0,1,1,0,0
1335.008,15.298,0.752,8.919,29.753,52.412,23.677,19.042,3.925,10,0,0,0,0,1,0,0,0,1,1,0,1,0,0
1411.897,18.944,1.192,4.557,53.256,53.837,39.504,6.329,1.244,19,0,0,0,0,1,0,0,1,0,0,1,0,1,0
1215.983,29.942,2.136,1.369,14.459,68.787,10.125,16.312,3.658,44,0,0,0,1,0,0,0,0,1,0,1,0,0,1
1372.643,12.825,0.912,2.211,7.103,65.134,15.17,18.397,0.598,16,0,0,1,0,0,0,0,1,0,0,1,0,1,0
1172.049,6.071,4.481,4.394,32.866,64.858,22.853,8.163,4.661,0,4,0,0,0,1,0,0,1,0,1,0,1,0,0
1423.671,25.194,1.746,3.581,57.073,62.832,25.849,6.724,4.488,26,0,0,1,0,0,0,0,0,1,0,1,1,0,0
1322.513,12.855,4.445,9.65,55.816,66.105,24.635,7.975,1.9,1,0,0,0,0,0,1,1,0,0,0,1,1,0,0
1233.892,23.599,3.009,3.246,57.467,60.396,18.313,18.769,2.185,26,3,0,1,0,0,0,1,0,0,1,0,0,0,1
935.786,28.202,0.694,3.95,33.388,55.786,36.216,5.87,2.501,32,0,0,1,0,0,0,0,1,0,1,0,0,1,0
1039.907,5.031,1.482,6.527,27.91,63.552,28.107,5.372,2.202,3,0,0,0,0,0,1,1,0,0,0,1,0,1,0
1822.396,16.846,1.654,1.867,17.663,58.724,16.536,19.1,4.704,20,0,0,0,0,0,1,1,0,0,1,0,1,0,0
1336.252,23.415,2.914,6.324,53.793,67.257,11.526,16.988,4.181,25,0,0,0,0,0,1,1,0,0,1,0,0,0,1
1002.612,7.888,0.511,9.006,28.569,64.064,18.855,15.995,0.998,3,4,0,1,0,0,0,1,0,0,1,0,1,0,0
910.133,9.973,4.624,4.582,33.16,53.53,22.34,18.592,4.191,1,0,0,1,0,0,0,0,0,1,0,1,0,0,1
994.679,9.16,0.831,4.561,19.61,61.222,20.023,17.6,0.559,0,4,0,1,0,0,0,0,1,0,1,0,1,0,0
1699.636,18.939,2.363,9.225,1.625,58.156,23.7,15.166,2.584,28,2,0,1,0,0,0,1,0,0,0,1,0,1,0
1591.86,16.089,4.594,3.738,42.367,51.462,28.013,17.168,2.896,18,0,0,1,0,0,0,0,0,1,1,0,0,1,0
1534.606,22.906,3.591,8.976,21.254,57.039,23.843,16.24,2.914,22,0,0,0,0,1,0,1,0,0,0,1,0,1,0
1339.557,23.783,1.395,1.611,14.632,56.323,30.899,12.994,1.005,23,0,0,0,0,1,0,1,0,0,1,0,1,0,0
1348.592,14.271,3.839,6.388,34.923,53.77,31.004,10.81,4.205,11,0,0,1,0,0,0,0,1,0,0,1,0,1,0
1117.27,14.946,4.028,7.862,24.779,51.089,30.267,16.549,2.112,18,0,0,1,0,0,0,0,1,0,0,1,0,1,0
943.689,10.158,3.272,2.042,14.728,56.329,26.814,15.441,1.541,5,0,0,0,0,1,0,1,0,0,0,1,0,0,1
1173.074,29.676,0.756,8.125,8.98,60.713,20.461,15.384,3.533,37,0,0,0,0,1,0,0,0,1,0,1,0,1,0
1466.868,24.713,5.02,2.653,16.098,68.718,14.712,13.707,3.228,24,0,0,0,0,0,1,0,1,0,1,0,0,0,1
1049.576,5.887,4.908,7.809,22.535,58.102,29.896,7.303,4.125,1,0,8,0,1,0,0,0,0,1,1,0,0,1,0
1418.07,24.146,2.99,8.214,11.26,64.972,26.262,6.836,1.741,27,0,0,0,0,0,1,1,0,0,1,0,0,1,0
527.301,28.847,2.289,2.305,39.04,49.034,42.901,6.593,1.062,35,4,0,0,0,0,1,1,0,0,1,0,1,0,0
901.604,5.073,2.56,4.4,54.781,67.141,13.367,15.178,5.01,15,4,0,0,1,0,0,1,0,0,0,1,0,0,1
1535.467,11.987,2.498,10.021,3.729,61.716,17.193,17.91,3.986,8,3,0,0,1,0,0,0,1,0,1,0,0,1,0
1627.948,23.431,1.091,3.838,13.589,66.352,22.536,5.848,4.403,23,0,0,0,1,0,0,1,0,0,0,1,0,0,1
839.486,29.623,3.107,2.516,26.262,56.123,23.657,18.87,1.351,37,1,0,0,0,0,1,1,0,0,0,1,0,1,0
1157.144,6.088,0.921,4.435,29.184,64.727,15.486,18.949,2.571,2,0,0,1,0,0,0,0,0,1,1,0,0,1,0
1209.306,29.321,4.691,9.722,34.147,59.59,32.022,5.925,1.853,22,0,0,0,0,1,0,0,1,0,0,1,1,0,0
1483.547,13.141,1.866,6.921,54.665,64.715,18.633,11.68,4.738,11,0,0,0,1,0,0,1,0,0,1,0,0,1,0
1428.622,15.207,1.591,2.207,40.496,70.904,6.724,19.595,3.996,12,0,3,0,0,1,0,0,0,1,0,1,0,1,0
1811.839,20.209,4.371,2.913,14.09,57.626,24.024,18.38,0.546,16,0,0,0,1,0,0,0,1,0,0,1,0,1,0
1468.841,22.111,3.283,1.322,28.273,68.755,16.189,14.08,1.017,35,0,0,1,0,0,0,0,1,0,0,1,0,1,0
1056.805,9.852,4.019,9.23,38.146,62.425,22.911,10.994,4.123,16,3,0,0,0,0,1,1,0,0,0,1,1,0,0
1324.164,23.551,0.76,2.86,7.061,59.687,21.432,18.586,1.676,14,3,0,1,0,0,0,0,1,0,0,1,0,0,1
1021.723,29.488,3.052,2.141,10.395,61.923,28.902,8.671,0.539,35,3,0,0,0,0,1,1,0,0,1,0,1,0,0
1782.022,19.089,0.492,3.297,47.811,58.482,24.271,13.598,3.39,23,0,0,0,0,0,1,0,1,0,0,1,1,0,0
1276.716,12.142,1.948,5.607,41.357,51.395,25.114,19.035,4.525,14,0,0,0,1,0,0,1,0,0,0,1,1,0,0
1406.127,11.991,1.88,3.761,27.116,69.595,20.845,5.662,5.086,12,0,0,1,0,0,0,1,0,0,0,1,0,1,0
1447.236,20.679,3.373,3.003,50.613,59.032,25.344,13.839,1.912,23,3,0,0,0,1,0,1,0,0,1,0,1,0,0
1186.199,14.775,1.601,7.05,4.651,54.299,31.354,10.507,2.482,28,0,0,0,0,0,1,0,0,1,0,1,0,0,1
881.609,7.052,2.233,1.48,2.881,64.747,16.713,18.665,0.598,0,0,0,0,0,0,1,1,0,0,0,1,0,0,1
1807.487,17.95,3.4,8.635,19.573,59.933,22.004,16.985,1.126,1,0,0,1,0,0,0,0,1,0,0,1,0,0,1
1791.234,19.76,4.093,5.018,17.757,56.606,23.803,17.234,1.148,23,0,0,0,0,0,1,0,1,0,0,1,1,0,0
731.602,26.991,3.241,5.514,55.083,53.296,29.008,17.073,0.612,40,0,0,0,0,1,0,1,0,0,0,1,1,0,0
1377.369,12.773,2.839,2.3,16.126,61.545,19.661,17.15,1.858,7,0,3,0,0,0,1,0,0,1,1,0,0,0,1
1881.881,19.062,0.708,6.806,3.576,64.886,11.231,19.706,5.028,21,2,0,0,1,0,0,0,1,0,1,0,1,0,0
1503.907,20.806,3.862,8.291,47.566,67.719,11.65,14.606,4.809,22,0,0,0,0,1,0,1,0,0,0,1,1,0,0
1642.049,12.143,2.862,2.561,22.764,63.661,23.242,13.007,1.056,10,3,0,0,1,0,0,0,1,0,1,0,1,0,0
1438.498,20.841,1.331,6.08,40.482,56.771,25.909,16.33,0.879,25,0,0,0,1,0,0,0,1,0,1,0,1,0,0
1622.419,24.955,1.008,2.707,13.449,64.569,26.005,6.164,2.403,20,0,0,0,1,0,0,1,0,0,1,0,0,0,1
1174.505,5.883,4.6,6.698,23.127,63.129,18.013,17.168,3.352,1,0,0,0,0,0,1,1,0,0,1,0,1,0,0
1074.308,14.743,2.382,3.725,27.476,52.506,34.391,11.67,1.236,28,0,0,0,0,0,1,1,0,0,0,1,0,0,1
1197.574,8.961,0.753,9.45,28.91,60.43,19.458,16.919,2.858,0,0,0,0,1,0,0,1,0,0,0,1,0,0,1
1972.971,15.987,3.014,4.741,34.239,63.832,25.522,8.959,1.144,31,2,0,0,1,0,0,1,0,0,0,1,0,1,0
1310.523,13.052,4.849,5.91,38.295,55.189,23.305,17.659,4.45,7,0,0,1,0,0,0,0,1,0,1,0,0,1,0
1210.106,25.783,2.481,8.645,50.301,62.489,25.51,8.918,2.701,26,0,0,0,0,1,0,0,1,0,1,0,1,0,0
1169.718,30.234,1.378,7.713,26.617,58.107,19.502,18.953,2.444,25,1,0,0,1,0,0,1,0,0,0,1,0,0,1
1520.389,21.303,0.796,1.941,50.298,60.154,25.306,10.644,3.553,23,0,0,0,0,1,0,0,1,0,1,0,0,1,0
1505.515,11.123,3.338,6.245,26.18,65.764,24.232,6.476,2.555,10,0,0,0,0,0,1,0,1,0,0,1,0,1,0
2119.637,18.65,2.002,2.504,27.086,65.809,24.699,6.661,3.492,13,0,0,0,0,1,0,0,1,0,0,1,1,0,0
998.273,6.995,1.313,6.405,42.251,60.841,29.577,5.614,3.993,0,0,0,0,0,0,1,1,0,0,0,1,0,0,1
1106.677,28.542,2.349,7.475,40.03,61.018,29.932,6.648,2.029,34,0,0,1,0,0,0,1,0,0,1,0,0,1,0
1849.801,17.814,3.574,2.119,7.341,61.705,26.914,5.635,4.602,18,0,0,0,0,0,1,0,0,1,0,1,0,0,1
1452.31,17.331,2.251,6.036,6.975,53.619,27.59,13.438,4.606,28,4,0,0,0,0,1,1,0,0,0,1,0,1,0
1164.28,8.871,1.679,9.198,11.713,68.922,16.514,12.952,3.147,16,2,0,0,1,0,0,0,1,0,0,1,0,0,1
1379.046,13.999,2.329,9.702,21.964,54.466,23.273,18.548,3.1,11,0,0,1,0,0,0,0,0,1,0,1,0,1,0
1234.391,13.061,2.495,2.974,55.412,63.435,26.239,11.322,0.586,9,0,0,0,0,0,1,0,0,1,1,0,0,1,0
1625.547,17.138,3.809,2.804,9.71,54.168,24.17,17.453,3.995,7,3,0,1,0,0,0,1,0,0,0,1,0,0,1
887.591,9.021,0.749,8.702,3.222,60.503,29.557,8.614,0.731,0,0,0,1,0,0,0,1,0,0,1,0,0,0,1
1814.859,15.686,2.857,3.219,16.631,62.147,24.598,13.355,1.122,15,0,0,1,0,0,0,1,0,0,0,1,0,1,0
1798.584,14.896,3.528,5.313,38.751,66.464,13.075,17.147,2.86,17,0,0,0,1,0,0,0,0,1,0,1,1,0,0
1276.517,18.013,0.614,9.427,47.45,50.873,37.884,8.061,3.762,19,0,8,0,0,1,0,0,0,1,1,0,0,0,1
1555.217,22.621,2.455,6.491,31.867,66.818,20.446,11.621,2.694,33,0,0,0,0,0,1,0,1,0,0,1,1,0,0
1125.116,4.97,4.698,5.972,37.936,66.285,14.55,13.066,4.639,8,0,0,0,0,1,0,0,1,0,0,1,0,1,0
1403.364,14.72,4.946,9.145,24.826,68.585,11.857,15.198,3.657,0,1,0,0,0,0,1,0,1,0,0,1,0,0,1
1242.408,12.781,4.287,8.241,34.807,52.842,40.343,6.194,1.09,9,0,0,0,0,1,0,0,1,0,1,0,1,0,0
1221.697,5.975,1.918,7.822,9.635,59.526,21.39,15.103,3.342,2,0,0,0,1,0,0,0,1,0,1,0,1,0,0
646.991,26.603,3.142,2.68,50.24,52.627,28.085,13.469,4.827,41,0,0,0,0,0,1,0,0,1,0,1,0,0,1
1151.003,27.073,4.319,7.626,25.838,59.287,30.114,6.841,3.017,30,0,0,0,0,0,1,0,0,1,1,0,0,0,1
1091.034,6.045,3.813,3.175,42.157,58.823,22.735,15.036,2.064,2,0,0,0,0,1,0,1,0,0,1,0,0,0,1
1012.96,8.096,1.49,3.433,46.725,64.298,23.846,11.344,1.415,2,1,0,0,0,1,0,0,1,0,1,0,0,0,1
1822.31,18.772,3.96,8.205,57.805,65.616,25.919,6.135,1.885,20,0,0,0,1,0,0,1,0,0,0,1,1,0,0
1570.682,10.854,2.244,2.052,42.495,64.117,26.063,5.721,3.798,8,0,0,1,0,0,0,0,0,1,0,1,0,1,0
733.002,29.525,0.579,1.72,56.629,58.216,27.848,8.856,4.878,30,0,0,1,0,0,0,0,0,1,1,0,0,1,0
1518.407,14.076,2.5,5.761,25.282,60.775,30.229,7.688,1.334,10,0,0,1,0,0,0,0,0,1,0,1,0,1,0
1903.752,20.165,4.541,9.109,38.326,63.937,21.556,9.734,3.475,15,4,0,1,0,0,0,1,0,0,1,0,0,1,0
1191.562,10.794,0.678,2.882,27.688,50.86,35.083,11.132,3.763,6,0,0,0,1,0,0,0,0,1,0,1,0,0,1
1002.486,27.471,2.898,8.842,7.774,55.423,27.527,12.166,3.645,48,0,0,1,0,0,0,0,1,0,0,1,0,1,0
1681.669,16.695,2.921,4.32,27.72,56.587,30.262,9.741,3.922,26,0,6,1,0,0,0,0,0,1,0,1,0,1,0
1204.002,23.038,0.803,8.638,2.619,57.054,26.592,16.989,0.791,25,0,0,0,0,0,1,0,0,1,1,0,1,0,0
1908.798,18.151,0.936,4.845,20.526,58.901,21.17,14.548,4.761,13,0,0,0,1,0,0,1,0,0,1,0,0,0,1
1942.106,16.237,3.486,4.513,27.717,62.459,19.855,17.017,0.978,14,0,0,0,0,1,0,1,0,0,0,1,0,0,1
1123.532,30.257,4.081,4.348,4.316,65.58,18.717,14.531,1.194,34,0,0,0,0,1,0,1,0,0,0,1,0,1,0
1009.043,28.338,1.839,2.152,12.565,57.146,32.576,5.267,4.511,51,0,0,0,0,1,0,1,0,0,0,1,0,0,1
1039.602,23.846,1.319,7.421,1.763,52.288,27.829,18.765,2.153,22,0,0,1,0,0,0,0,1,0,1,0,0,0,1
1099.865,13.164,2.842,5.482,9.062,51.093,41.446,5.426,3.231,10,1,0,0,0,0,1,0,1,0,1,0,1,0,0
1179.234,11.798,0.96,5.932,2.25,53.953,34.15,7.273,4.206,12,0,0,1,0,0,0,0,1,0,1,0,0,0,1
714.85,5.079,1.056,9.278,45.722,53.505,32.321,13.124,1.328,1,3,0,0,1,0,0,0,1,0,1,0,0,1,0
1272.101,23.044,2.599,5.223,4.403,55.207,23.389,18.761,3.513,27,4,0,0,0,1,0,1,0,0,0,1,0,1,0
1234.582,10.127,4.919,2.127,16.291,64.969,15.02,16.777,4.198,1,0,0,1,0,0,0,0,1,0,1,0,1,0,0
1647.974,13.973,3.355,8.542,24.88,57.921,19.317,18.317,3.953,0,0,0,0,0,1,0,0,0,1,0,1,1,0,0
1199.349,14.08,2.818,8.132,59.136,58.32,22.473,16.823,2.956,10,0,0,1,0,0,0,0,1,0,1,0,0,0,1
1643.692,21.022,3.815,8.764,47.115,66.645,16.304,14.262,2.1,32,0,0,0,1,0,0,0,1,0,0,1,1,0,0
451.975,10.093,2.878,1.764,58.74,52.466,31.657,13.322,3.716,0,4,0,1,0,0,0,1,0,0,0,1,0,1,0
1345.038,11.799,1.814,5.172,54.583,66.062,13.439,17.989,1.613,10,2,0,0,1,0,0,1,0,0,1,0,0,0,1
727.429,5.894,3.199,10.089,48.812,57.383,25.589,16.012,0.99,5,4,0,1,0,0,0,0,1,0,0,1,0,0,1
2010.371,18.808,3.821,5.26,37.541,69.183,20.738,7.028,2.434,16,2,0,0,1,0,0,0,1,0,1,0,1,0,0
1777.084,14.796,4.428,4.334,17.225,60.342,29.071,5.948,4.152,9,0,0,0,1,0,0,0,1,0,1,0,1,0,0
1797.283,17.253,1.396,5.164,19.735,56.724,32.86,5.906,4.299,25,0,0,1,0,0,0,0,0,1,0,1,0,1,0
890.224,25.708,1.687,3.883,47.454,54.119,38.114,5.202,3.442,26,0,0,0,0,1,0,0,0,1,0,1,0,0,1
762.119,27.514,0.658,7.888,14.143,49.247,35.899,9.591,3.528,39,3,0,0,1,0,0,0,1,0,0,1,0,0,1
1482.383,21.856,2.892,9.586,7.747,58.844,17.335,19.518,4.082,25,0,0,1,0,0,0,0,1,0,1,0,0,0,1
1670.514,10.86,4.345,9.058,35.008,61.053,18.101,15.985,3.901,8,0,0,0,1,0,0,0,1,0,1,0,0,0,1
1234.392,23.267,4.057,4.033,58.426,57.356,28.984,7.844,5.06,23,1,0,0,0,1,0,0,1,0,1,0,0,1,0
1258.35,30.19,0.583,1.084,35.896,63.626,22.13,11.051,2.912,33,0,0,0,1,0,0,0,0,1,0,1,0,0,1
1511.819,14.999,4.419,5.497,22.854,60.075,33.686,5.035,0.629,21,0,0,0,0,1,0,0,0,1,0,1,0,1,0
996.148,27.06,4.05,6.109,29.221,53.469,37.641,6.742,0.848,45,0,0,0,1,0,0,1,0,0,0,1,1,0,0
1251.122,22.193,0.825,9.431,50.24,57.088,28.717,9.292,4.883,25,0,6,0,1,0,0,0,0,1,1,0,0,0,1
1144.45,14.837,2.229,4.756,20.85,51.869,28.153,14.533,4.929,4,2,0,1,0,0,0,0,1,0,0,1,0,1,0
958.786,6.119,3.516,8.663,50.58,58.109,28.15,10.538,2.752,13,0,0,0,0,1,0,0,1,0,0,1,0,0,1
830.048,5.095,4.332,1.341,51.434,56.444,30.642,9.623,3.995,1,0,0,1,0,0,0,0,0,1,0,1,0,0,1
883.604,6.036,0.926,5.818,7.838,59.775,25.901,13.673,1.797,0,0,0,0,0,0,1,0,0,1,0,1,0,1,0
1901.335,17.784,2.965,5.854,12.439,59.941,20.258,14.514,4.427,10,3,0,1,0,0,0,0,1,0,0,1,0,1,0
505.585,6.043,3.691,1.526,28.339,50.954,41.528,5.816,1.269,2,4,0,0,0,0,1,1,0,0,1,0,0,0,1
1603.692,20.641,0.65,1.827,34.219,64.591,24.971,7.939,3.545,21,0,1,0,0,1,0,0,0,1,1,0,0,0,1
1397.344,23.549,2.303,3.008,50.431,63.657,18.441,15.301,1.193,43,0,0,0,0,1,0,0,1,0,0,1,0,1,0
1347.748,11.884,1.192,2.772,6.176,64.998,26.43,8.549,0.709,10,0,0,0,0,0,1,0,0,1,0,1,0,1,0
474.036,4.993,3.479,5.116,53.172,51.67,37.849,10.885,0.681,1,0,0,1,0,0,0,0,1,0,1,0,0,1,0
1570.528,19.28,4.1,3.096,42.771,52.802,25.252,17.464,3.84,22,0,0,0,0,0,1,0,1,0,1,0,0,0,1
1331.946,13.118,4.673,3.363,4.488,68.47,11.568,17.513,1.648,14,0,0,0,0,0,1,0,0,1,0,1,0,1,0
982.863,7.068,1.944,1.698,14.26,63.917,17.791,17.749,1.681,0,0,0,0,0,0,1,1,0,0,0,1,0,0,1
1576.954,19.94,4.762,5.538,10.041,51.427,24.652,19.497,3.929,7,0,0,0,0,0,1,0,0,1,0,1,0,1,0
1527.912,23.852,1.289,4.34,7.671,61.246,16.539,19.185,1.65,25,0,0,0,0,1,0,1,0,0,0,1,0,1,0
1668.285,21.887,3.57,5.079,51.182,62.934,22.484,10.857,3.454,23,0,0,0,1,0,0,0,0,1,1,0,0,1,0
1254.785,21.41,1.315,9.171,58.939,61.077,24.655,9.548,4.764,29,1,0,1,0,0,0,1,0,0,1,0,1,0,0
1503.099,20.614,2.353,1.188,17.461,55.001,30.09,10.98,4.818,21,0,0,0,1,0,0,0,0,1,0,1,1,0,0
1230.484,9.132,3.921,4.567,8.86,66.282,24.086,5.661,4.114,15,2,0,0,0,1,0,0,1,0,0,1,1,0,0
938.079,7.022,4.849,1.595,15.431,53.234,26.489,17.67,3.27,9,0,0,0,1,0,0,1,0,0,0,1,0,1,0
1228.469,27.931,1.888,2.266,19.881,63.506,24.174,8.019,3.347,27,0,0,1,0,0,0,0,0,1,0,1,0,0,1
1049.151,23.207,2.71,8.632,60.071,53.572,31.788,11.611,3.226,16,0,0,0,0,0,1,0,0,1,0,1,1,0,0
1259.576,22.988,4.813,4.434,52.436,55.844,33.84,7.499,3.309,24,0,1,0,0,0,1,0,0,1,1,0,1,0,0
1117.259,26.388,1.221,8.985,18.789,61.766,19.305,15.742,3.445,31,3,0,0,0,0,1,0,1,0,0,1,1,0,0
851.296,30.481,0.569,2.116,54.652,64.752,11.709,20.001,3.043,31,1,0,0,0,0,1,0,1,0,1,0,0,1,0
1182.022,28.909,2.083,3.155,17.859,70.95,16.932,8.845,4.736,38,0,0,0,1,0,0,0,0,1,0,1,0,1,0
1078.167,4.955,4.817,2.927,18.112,61.142,27.379,9.375,3.26,0,4,0,0,0,0,1,1,0,0,1,0,1,0,0
992.557,7.026,4.14,8.121,32.1,61.526,30.561,7.014,1.193,3,0,0,0,0,0,1,1,0,0,0,1,0,1,0
1555.61,12.198,2.177,4.553,32.448,68.662,16.675,13.106,1.671,11,0,0,0,1,0,0,1,0,0,1,0,0,0,1
1620.163,12.85,4.815,7.451,28.268,57.921,26.793,11.309,3.232,19,4,0,0,1,0,0,1,0,0,0,1,1,0,0
1259.184,21.103,2.499,8.555,12.076,52.582,28.422,14.013,4.749,22,0,0,0,0,1,0,0,0,1,1,0,0,1,0
1090.196,7.037,2.109,2.496,31.149,67.492,20.575,7.676,4.851,0,0,0,0,0,1,0,1,0,0,0,1,0,0,1
748.01,29.27,2.056,5.332,5.301,50.931,31.813,13.709,3.512,36,4,0,1,0,0,0,0,1,0,1,0,1,0,0
1718.455,17.735,3.073,9.311,59.413,64.735,19.293,13.959,3.284,18,0,0,1,0,0,0,0,0,1,1,0,0,1,0
1595.286,13.112,4.018,2.423,8.652,58.992,30.276,8.138,2.674,10,0,0,0,0,1,0,0,1,0,1,0,1,0,0
969.783,6.098,1.874,1.298,51.44,58.954,22.099,15.148,3.278,2,0,0,0,0,0,1,0,0,1,1,0,1,0,0
1661.029,10.859,1.928,9.057,33.365,68.245,11.502,18.487,2.281,0,0,0,0,1,0,0,0,0,1,0,1,1,0,0
1114.535,23.748,3.764,5.543,25.79,51.275,34.601,11.532,2.501,41,0,0,0,0,0,1,1,0,0,0,1,0,0,1
1100.609,24.453,1.912,1.72,3.794,51.113,32.15,15.074,1.716,26,0,0,0,0,1,0,0,0,1,1,0,0,1,0
1076.556,28.63,2.93,2.901,33.119,58.301,26.666,9.732,4.808,29,0,0,1,0,0,0,1,0,0,0,1,1,0,0
1085.579,9.128,2.378,8.331,50.919,64.234,22.933,8.531,4.362,8,0,0,0,0,1,0,0,1,0,0,1,1,0,0
1046.485,27.991,4.198,1.54,9.67,67.219,15.4,15.695,2.777,32,0,2,0,0,0,1,0,0,1,0,1,0,0,1
1484.709,17.818,2.215,8.202,57.077,55.845,34.03,5.466,4.153,13,0,0,0,0,0,1,0,1,0,0,1,1,0,0
1253.319,30.445,1.685,5.602,27.472,63.711,24.549,9.202,2.648,31,0,0,0,0,1,0,0,0,1,1,0,0,0,1
1497.284,23.947,2.639,7.851,42.987,61.367,29.33,5.776,3.947,26,0,0,0,0,0,1,0,0,1,1,0,0,1,0
1064.536,13.008,0.85,3.407,42.823,53.798,30.9,14.085,1.207,10,0,0,0,0,0,1,0,1,0,0,1,0,1,0
1059.876,14.916,1.197,9.353,48.788,51.592,41.258,6.051,2.518,7,2,0,0,0,1,0,1,0,0,0,1,0,1,0
1477.613,14.052,4.108,4.042,42.43,68.99,22.394,4.938,3.2,9,0,0,0,0,0,1,0,0,1,1,0,1,0,0
1155.626,5.919,4.193,4.775,26.625,56.866,26.255,13.114,3.202,22,0,0,0,0,1,0,0,0,1,0,1,1,0,0
1186.212,8.961,3.347,6.532,2.162,65.282,19.403,12.249,2.901,0,0,0,1,0,0,0,0,0,1,1,0,1,0,0
1140.231,27.507,3.162,7.889,16.549,65.884,14.099,17.923,1.54,41,1,0,0,0,1,0,1,0,0,0,1,0,0,1
631.554,9.903,0.598,1.228,58.113,58.636,24.301,14.856,0.832,3,0,0,0,0,0,1,1,0,0,0,1,0,1,0
2029.495,19.119,4.338,5.378,38.666,69.973,14.437,13.41,2.644,19,0,2,0,1,0,0,0,0,1,1,0,1,0,0
1197.067,9.93,2.057,6.852,46.006,58.616,26.506,12.433,2.519,2,0,0,0,1,0,0,0,0,1,1,0,1,0,0
1275.839,14.153,4.556,4.335,45.39,55.189,30.359,10.33,3.974,10,0,0,0,0,0,1,0,1,0,1,0,0,1,0
1669.291,16.749,1.617,8.509,28.044,70.493,20.033,9.324,1.798,20,0,0,0,0,0,1,1,0,0,1,0,0,0,1
1466.202,24.451,4.386,6.459,53.594,68.444,21.776,7.674,2.048,23,0,0,0,1,0,0,1,0,0,1,0,0,1,0
1397.464,10.98,4.453,3.614,14.658,56.713,27.211,14.635,2.243,35,0,0,1,0,0,0,1,0,0,0,1,1,0,0
1388.641,21.768,2.497,6.017,24.982,52.935,22.513,19.235,4.298,26,0,0,1,0,0,0,1,0,0,1,0,1,0,0
1592.325,22.608,2.457,4.267,17.95,63.285,17.978,16.883,1.613,20,0,0,1,0,0,0,0,1,0,0,1,1,0,0
1653.034,15.789,3.959,7.017,59.132,62.963,22.766,11.42,4.206,16,0,0,0,0,0,1,0,1,0,1,0,1,0,0
1030.519,6.005,4.288,2.562,29.887,69.119,10.884,17.165,3.197,1,0,0,0,0,0,1,0,1,0,1,0,0,0,1
1530.829,10.928,4.702,5.903,6.188,63.731,25.766,9.644,1.841,3,0,0,0,0,1,0,0,1,0,0,1,0,0,1
1633.611,21.276,4.214,6.445,9.589,59.225,27.612,9.009,3.468,25,0,0,0,0,1,0,1,0,0,0,1,0,1,0
1672.245,16.953,4.901,1.155,11.635,54.615,29.328,10.575,4.446,18,0,7,1,0,0,0,0,0,1,1,0,1,0,0
1951.611,15.839,4.729,8.12,10.794,66.817,20.777,9.843,2.455,18,0,0,0,0,1,0,0,0,1,1,0,0,0,1
1345.983,15.07,3.239,6.415,51.876,55.883,26.008,14.044,3.925,10,0,0,0,0,1,0,0,1,0,1,0,0,1,0
873.403,10.083,4.303,8.998,5.398,56.406,31.321,9.326,4.185,23,0,0,1,0,0,0,1,0,0,0,1,0,0,1
1701.365,17.76,2.494,5.906,38.934,66.67,21.185,10.308,1.12,34,4,0,0,0,0,1,1,0,0,0,1,1,0,0
1386.847,27.628,2.241,4.88,37.898,64.533,27.616,5.683,3.876,30,0,0,0,0,1,0,0,0,1,1,0,1,0,0
1356.815,12.759,2.501,6.875,36.614,59.99,23.488,15.555,1.816,5,0,0,0,0,0,1,1,0,0,0,1,0,1,0
1104.456,6.057,4.803,3.148,31.381,65.146,20.431,11.894,2.123,1,0,0,0,0,0,1,0,0,1,0,1,0,1,0
1112.514,13.085,2.81,8.988,59.217,55.699,34.148,6.713,2.446,13,0,0,1,0,0,0,1,0,0,1,0,0,1,0
1333.224,18.981,0.834,2.662,52.031,52.081,28.192,19.329,1.403,22,3,0,1,0,0,0,1,0,0,1,0,1,0,0
720.921,27.372,1.482,6.999,54.583,57.819,24.541,17.74,0.892,27,0,0,0,0,0,1,0,0,1,1,0,0,1,0
1560.831,13.159,2.412,6.813,3.834,59.196,29.728,8.548,2.306,6,0,0,0,1,0,0,1,0,0,0,1,1,0,0
933.536,29.099,3.67,5.077,58.831,69.37,20.28,8.765,0.98,30,0,0,0,1,0,0,0,1,0,1,0,1,0,0
946.902,28.412,1.827,9.649,41.531,58.801,23.894,13.583,4.23,30,0,0,0,0,0,1,1,0,0,1,0,0,0,1
1067.181,14.824,0.866,4.773,52.063,52.098,39.797,5.992,1.746,10,0,0,0,1,0,0,1,0,0,1,0,0,0,1
1342.511,15.752,3.154,7.842,53.596,51.767,35.907,7.254,4.454,26,0,0,0,0,0,1,1,0,0,0,1,0,1,0
1611.858,19.816,1.599,5.15,33.024,53.077,32.669,11.823,3.25,22,0,0,0,0,0,1,0,0,1,0,1,0,0,1
1391.355,14.734,1.54,6.583,40.277,56.439,28.162,12.804,1.607,10,0,0,0,0,1,0,0,1,0,1,0,0,1,0
874.357,7.009,4.301,1.264,18.723,53.459,22.832,17.72,4.651,0,0,0,1,0,0,0,0,0,1,1,0,0,1,0
1677.324,18.314,4.431,5.013,57.746,59.359,28.364,8.455,3.417,16,0,0,0,0,0,1,1,0,0,1,0,1,0,0
1435.269,23.558,2.827,4.734,50.01,68.128,17.689,10.547,3.104,20,0,0,0,0,0,1,0,1,0,0,1,1,0,0
1065.279,11.819,1.708,5.101,50.343,50.713,29.482,15.905,3.811,26,0,0,1,0,0,0,0,1,0,0,1,1,0,0
925.573,7.985,0.569,1.682,42.329,57.679,23.1,17.328,1.839,5,0,0,0,0,1,0,1,0,0,0,1,0,0,1
697.642,9.156,4.42,9.541,32.09,51.548,30.756,16.157,1.292,7,0,0,1,0,0,0,1,0,0,0,1,0,1,0
1409.479,10.919,1.943,4.265,6.356,56.802,21.9,18.927,1.855,10,0,0,1,0,0,0,1,0,0,0,1,1,0,0
1655.914,21.006,0.569,7.708,44.529,66.946,19.733,10.429,2.406,15,1,0,0,1,0,0,1,0,0,0,1,1,0,0
1316.475,10.798,2.627,5.77,55.369,69.791,8.389,19.156,3.689,6,0,0,1,0,0,0,0,1,0,0,1,0,0,1
1465.773,14.789,3.095,7.852,52.173,65.755,15.808,16.733,1.235,6,1,0,0,1,0,0,0,1,0,0,1,0,0,1
1157.624,29.564,3.619,1.095,23.604,56.914,34.631,6.232,1.97,29,0,0,0,1,0,0,0,1,0,1,0,1,0,0
1475.548,12.223,3.495,5.054,15.075,53.132,24.746,18.71,3.106,12,0,0,0,1,0,0,0,0,1,1,0,1,0,0
1887.346,15.683,3.939,3.91,11.033,66.838,26.465,7.134,1.162,28,0,0,0,0,1,0,0,1,0,0,1,0,0,1
1904.809,17.307,1.069,9.477,16.893,65.417,13.27,15.977,4.761,19,0,0,0,0,1,0,1,0,0,1,0,0,0,1
1196.114,25.139,3.087,4.15,47.907,50.594,27.77,19.225,2.62,23,0,0,0,0,1,0,0,0,1,1,0,1,0,0
1196.449,26.383,1.93,3.472,1.103,69.737,8.882,19.378,2.719,56,0,0,0,1,0,0,0,0,1,0,1,1,0,0
1667.641,24.955,4.037,5.518,18.098,61.945,25.857,11.848,0.731,23,0,0,0,1,0,0,0,0,1,1,0,1,0,0
1840.251,19.012,1.925,5.333,21.871,60.714,17.524,18.331,2.699,16,3,0,0,0,0,1,1,0,0,1,0,0,0,1
1105.624,7.996,4.709,9.86,23.307,58.289,27.971,11.398,2.977,3,0,0,1,0,0,0,0,1,0,0,1,1,0,0
1595.826,21.14,2.538,5.398,19.341,67.296,12.688,17.169,1.481,27,0,0,0,1,0,0,0,1,0,0,1,0,1,0
1244.998,22.668,0.917,5.969,17.889,53.736,38.316,6.729,1.742,17,0,0,0,0,1,0,1,0,0,0,1,0,1,0
1033.441,6.868,3.664,5.665,15.354,68.49,21.092,9.509,1.742,10,0,0,0,0,0,1,0,0,1,0,1,0,1,0
762.827,7.939,1.662,2.067,13.17,50.628,27.227,17.742,3.653,2,0,0,0,0,1,0,0,1,0,1,0,0,1,0
1574.564,22.18,3.309,3.765,14.987,63.912,25.186,9.614,1.618,23,0,0,1,0,0,0,1,0,0,1,0,0,1,0
1551.293,20.75,2.154,3.153,33.395,60.011,17.583,18.803,2.031,23,1,0,1,0,0,0,1,0,0,1,0,0,1,0
1024.914,28.194,3.373,6.408,46.305,66.583,24.259,8.797,1.156,26,0,0,0,0,0,1,0,1,0,0,1,1,0,0
1115.817,30.564,3.818,6.051,22.4,63.22,17.735,15.878,2.962,28,0,0,0,0,0,1,0,1,0,1,0,0,0,1
1446.295,24.594,3.045,6.878,50.114,58.62,28.287,10.007,1.67,28,0,0,0,0,1,0,0,0,1,0,1,0,0,1
988.285,6.041,4.567,5.842,47.966,67.694,16.758,9.637,4.94,0,1,0,1,0,0,0,0,1,0,0,1,1,0,0
702.884,4.989,2.027,4.181,55.037,53.564,27.81,16.455,2.681,0,0,0,1,0,0,0,0,0,1,0,1,1,0,0
1332.273,25.368,1.347,2.793,31.805,63.014,19.635,15.52,0.701,26,3,0,0,0,0,1,0,1,0,1,0,0,0,1
1191.216,27.638,4.355,1.499,37.85,58.566,18.98,17.686,4.262,30,0,0,0,0,1,0,0,1,0,1,0,0,1,0
1005.82,12.092,4.209,3.057,42.441,51.147,40.353,8.058,0.892,15,0,0,0,0,0,1,0,1,0,1,0,0,1,0
716.368,7.095,4.326,1.049,18.752,50.361,37.077,9.655,3.073,0,0,0,0,0,0,1,0,1,0,0,1,1,0,0
1401.051,12.213,3.242,5.109,24.228,69.544,16.379,11.378,2.56,5,0,0,0,0,0,1,1,0,0,0,1,0,0,1
1506.32,23.169,3.389,3.221,41.782,61.741,22.927,9.443,4.905,16,0,0,1,0,0,0,0,1,0,0,1,0,1,0
1897.363,15.998,2.19,2.915,26.924,56.233,33.166,9.334,1.259,4,0,0,0,1,0,0,1,0,0,0,1,1,0,0
1650.537,19.09,2.2,4.481,40.446,51.189,28.76,17.755,2.235,18,0,0,0,0,1,0,0,1,0,1,0,1,0,0
840.076,27.398,1.894,6.153,5.117,49.674,39.769,6.668,3.164,26,0,0,0,1,0,0,0,0,1,1,0,0,1,0
1095.959,8.023,2.982,7.054,32.359,67.449,23.827,5.543,2.783,4,0,0,0,0,0,1,0,0,1,0,1,0,0,1
1247.502,7.85,3.11,3.541,18.771,65.369,13.852,18.947,2.911,2,3,0,0,1,0,0,0,1,0,0,1,0,1,0
1084.69,8.138,2.779,7.302,48.284,65.808,23.97,8.292,1.025,2,0,0,0,0,1,0,0,0,1,1,0,1,0,0
1597.052,12.091,4.729,6.52,35.934,62.515,15.692,18.64,2.987,8,0,0,1,0,0,0,1,0,0,0,1,1,0,0
1030.257,30.212,0.955,8.132,21.939,59.44,18.898,17.264,3.981,24,3,0,1,0,0,0,1,0,0,1,0,0,1,0
1011.504,8.898,4.138,4.404,44.918,65.546,22.951,10.256,1.965,0,0,0,0,0,0,1,0,0,1,1,0,0,0,1
1595.969,25.159,3.875,7.233,23.726,62.72,16.658,16.657,4.787,8,1,0,0,0,1,0,0,1,0,0,1,1,0,0
1917.755,17.924,3.793,4.687,16.725,63.797,27.549,7.943,1.222,11,4,0,0,1,0,0,0,1,0,0,1,0,0,1
1561.796,18.109,4.751,9.34,41.422,53.907,30.173,13.826,1.707,21,0,0,0,0,0,1,0,0,1,0,1,0,0,1
1848.303,15.748,2.211,4.002,11.535,56.585,30.365,12.107,0.674,17,0,0,0,1,0,0,0,0,1,1,0,0,0,1
971.288,30.189,3.71,1.847,3.222,66.082,12.443,16.861,3.968,33,0,5,0,0,0,1,0,0,1,1,0,0,0,1
1832.859,17.34,1.346,8.085,27.512,69.159,19.702,7.293,3.467,16,0,0,1,0,0,0,0,1,0,1,0,0,0,1
1479.746,23.566,1.255,5.817,29.178,69.847,20.175,6.49,3.079,22,0,0,0,0,0,1,0,0,1,1,0,1,0,0
787.591,8.153,2.868,9.044,46.389,52.234,38.178,8.148,2.174,0,0,0,0,1,0,0,0,1,0,0,1,0,0,1
1068.404,25.903,2.366,5.789,48.874,63.122,18.644,16.107,2.792,27,0,0,0,0,0,1,0,1,0,1,0,0,0,1
466.495,6.089,2.448,8.98,56.65,52.271,28.588,19.921,0.506,2,0,0,1,0,0,0,0,0,1,1,0,0,1,0
851.826,8.09,3.256,2.131,6.091,50.903,34.665,11.175,3.197,0,0,0,0,0,1,0,0,1,0,0,1,1,0,0
615.039,26.07,4.659,5.541,50.956,50.919,30.481,17.743,1.632,45,0,0,1,0,0,0,0,0,1,0,1,0,0,1
1179.408,26.248,1.66,10.061,52.298,63.819,25.79,6.184,3.906,35,2,0,0,1,0,0,1,0,0,0,1,0,1,0
1142.788,13.197,4.848,9.773,57.847,62.562,24.554,11.356,0.718,10,3,0,1,0,0,0,0,1,0,1,0,0,0,1
690.588,9.962,0.757,8.971,22.101,52.187,39.813,6.753,2.368,1,0,0,1,0,0,0,0,1,0,1,0,0,0,1
1075.6,26.813,0.781,4.895,51.245,61.559,23.772,12.369,1.238,25,0,0,0,0,1,0,1,0,0,0,1,1,0,0
1196.711,27.181,1.827,1.498,1.069,64.684,25.425,8.619,1.472,14,0,0,0,0,1,0,0,0,1,0,1,1,0,0
1543.873,24.296,4.591,3.3,32.185,59.73,27.819,9.513,2.567,27,0,0,1,0,0,0,0,0,1,0,1,0,0,1
1892.618,20.21,3.429,4.296,28.04,64.566,22.382,12.168,0.795,14,0,0,1,0,0,0,0,1,0,1,0,0,0,1
1508.221,25.298,4.019,3.069,44.797,66.511,12.384,17.273,4.83,23,0,0,1,0,0,0,0,1,0,1,0,0,0,1
1116.21,28.925,3.521,3.964,14.654,69.154,18.736,10.178,1.1,33,0,0,0,0,1,0,1,0,0,0,1,1,0,0
1603.195,13.165,3.379,8.323,18.171,64.676,25.243,6.996,3.852,10,0,0,1,0,0,0,1,0,0,1,0,0,1,0
949.981,8.863,3.634,7.01,15.762,53.347,32.797,9.993,3.217,4,0,0,1,0,0,0,1,0,0,1,0,1,0,0
1842.124,20.036,4.427,8.622,24.532,64.032,27.142,7.602,1.221,20,0,2,0,0,0,1,0,0,1,1,0,1,0,0
796.755,26.466,1.006,2.257,41.236,52.967,26.853,18.267,1.882,25,0,0,0,0,1,0,1,0,0,1,0,0,0,1
1623.096,20.853,2.816,8.057,19.788,61.461,25.258,12.88,0.514,25,0,0,0,1,0,0,0,0,1,1,0,0,0,1
1162.875,13.925,2.966,2.288,10.238,54.4,28.62,16.044,2.102,8,4,0,1,0,0,0,0,1,0,0,1,0,0,1
1381.673,13.942,3.438,4.295,44.145,67.599,13.855,16.378,1.584,13,0,0,0,0,0,1,1,0,0,1,0,1,0,0
955.326,26.203,1.522,5.932,7.427,59.474,20.464,15.918,4.723,12,0,0,0,0,0,1,1,0,0,0,1,0,1,0
1491.068,11.947,2.077,9.783,21.64,62.091,26.569,10.612,0.95,10,0,0,0,0,1,0,0,1,0,1,0,0,0,1
895.616,26.945,2.517,5.732,39.822,52.518,32.739,12.198,3.781,27,0,0,0,0,1,0,1,0,0,0,1,0,0,1
668.462,27.706,0.644,6.943,54.851,52.321,23.969,18.172,4.677,36,0,0,0,0,1,0,0,0,1,1,0,0,1,0
1925.92,19.899,2.955,9.159,30.204,59.705,31.366,5.736,3.459,19,0,0,1,0,0,0,0,0,1,0,1,0,0,1
1441.855,15.825,1.081,7.939,16.885,52.764,39.658,5.971,1.568,31,0,0,1,0,0,0,1,0,0,0,1,0,1,0
1250.226,14.744,1.842,1.411,24.173,55.654,27.951,14.099,1.536,10,0,0,0,0,0,1,0,0,1,1,0,0,1,0
1561.29,13.054,4.052,8.715,19.633,65.503,19.11,11.321,4.453,12,2,0,1,0,0,0,1,0,0,1,0,1,0,0
1171.03,13.087,2.519,2.115,14.925,53.164,32.414,12.623,0.754,4,0,0,0,0,0,1,0,0,1,0,1,1,0,0
1874.472,18.086,3.982,3.196,43.719,69.61,12.038,15.736,2.549,17,1,0,1,0,0,0,1,0,0,1,0,1,0,0
810.937,8.987,0.933,4.062,23.007,55.094,32.963,7.575,4.69,0,0,7,0,1,0,0,0,0,1,0,1,0,1,0
1449.401,16.918,0.744,8.594,57.01,53.759,38.348,6.742,0.78,25,0,0,0,1,0,0,1,0,0,0,1,1,0,0
1714.05,19.276,2.421,8.894,12.499,58.919,24.31,12.564,4.834,19,0,0,0,0,0,1,0,1,0,1,0,0,0,1
1431.921,17.013,2.219,7.059,18.232,50.108,32.576,14.475,2.502,26,0,0,1,0,0,0,0,1,0,0,1,0,0,1
1360.331,27.977,1.829,4.048,28.966,62.016,16.144,17.551,3.086,32,0,0,0,1,0,0,0,0,1,1,0,0,1,0
1210.784,9.81,2.026,4.131,35.437,67.728,18.491,9.456,3.4,2,0,0,0,1,0,0,0,1,0,1,0,0,0,1
1443.393,13.911,0.876,6.564,3.245,60.96,30.079,6.305,1.977,9,0,0,0,0,1,0,0,1,0,1,0,0,0,1
1715.614,14.928,2.44,6.674,16.248,66.005,20.415,9.071,3.629,4,4,0,0,1,0,0,0,1,0,0,1,1,0,0
1039.539,20.915,2.924,6.864,51.277,49.472,30.987,14.922,4.663,27,0,0,0,0,1,0,0,0,1,0,1,0,0,1
995.559,26.083,1.724,1.895,40.456,68.571,15.284,12.168,4.028,30,4,0,0,0,0,1,1,0,0,1,0,0,1,0
1868.986,17.023,1.676,4.354,11.958,63.189,18.075,15.859,2.62,25,0,0,0,0,0,1,1,0,0,0,1,0,1,0
1642.846,16.069,4.694,1.612,41.36,51.962,36.277,10.384,1.444,28,3,0,0,1,0,0,1,0,0,0,1,1,0,0
1204.044,10.106,2.356,5.865,36.931,62.969,27.168,7.731,2.35,4,3,0,0,0,1,0,1,0,0,0,1,1,0,0
1409.033,11.138,1.366,2.891,31.06,67.17,20.781,9.75,1.037,7,0,0,0,0,0,1,0,0,1,1,0,1,0,0
698.718,7.061,0.995,9.65,58.613,59.643,31.553,9.301,1.046,0,0,0,1,0,0,0,1,0,0,0,1,1,0,0
1925.553,16.292,4.92,4.759,34.782,58.944,30.607,8.612,2.965,15,0,0,1,0,0,0,0,0,1,1,0,0,1,0
870.533,29.422,3.942,9.722,14.724,51.02,31.077,14.157,4.342,25,0,0,0,0,1,0,0,1,0,1,0,1,0,0
1367.65,13.83,1.689,2.931,25.792,57.549,30.29,7.071,4.18,12,0,7,1,0,0,0,0,0,1,1,0,1,0,0
1094.926,24.508,3.183,8.191,1.026,53.949,28.502,14.372,3.604,25,0,8,0,0,1,0,0,0,1,1,0,0,0,1
1569.138,22.13,2.913,9.047,37.752,70.052,11.902,15.843,3.136,27,0,3,0,1,0,0,0,0,1,0,1,0,0,1
1567.442,15.239,4.865,5.624,40.218,61.037,25.379,10.222,4.2,2,0,0,1,0,0,0,1,0,0,0,1,0,0,1
1034.63,5.938,2.055,4.197,20.399,55.49,29.395,11.571,3.354,2,0,0,1,0,0,0,0,0,1,0,1,0,1,0
1163.046,10.171,3.198,9.44,13.742,59.581,29.281,7.779,3.194,0,2,0,0,0,1,0,1,0,0,0,1,1,0,0
1164.257,26.525,4.464,2.77,1.775,70.095,9.791,16.772,4.062,24,0,0,0,1,0,0,1,0,0,1,0,0,0,1
1567.417,21.365,1.34,2.477,36.382,69.264,8.491,17.784,4.566,39,0,0,0,0,1,0,0,0,1,0,1,1,0,0
1201.426,9.941,1.835,8.243,11.334,62.313,24.766,9.914,3.629,0,0,0,0,0,1,0,1,0,0,1,0,0,1,0
1587.299,10.825,2.784,8.0,43.92,62.466,26.968,7.236,2.941,22,0,0,0,0,1,0,0,1,0,0,1,0,0,1
1395.797,24.986,1.154,8.722,30.615,65.986,27.072,5.766,0.741,20,4,0,1,0,0,0,1,0,0,1,0,0,1,0
1644.947,14.854,3.033,7.01,47.765,64.31,14.106,16.966,3.678,11,0,0,0,1,0,0,0,1,0,0,1,0,0,1
1007.804,27.759,0.88,9.945,2.454,68.197,24.221,6.873,0.639,18,0,2,0,1,0,0,0,0,1,0,1,0,0,1
965.707,5.954,1.894,8.922,22.831,57.029,27.778,13.305,1.325,2,0,0,0,0,1,0,0,1,0,1,0,0,1,0
1790.936,19.23,0.667,8.985,56.172,65.05,20.837,11.213,2.699,18,3,0,0,1,0,0,1,0,0,1,0,1,0,0
1041.222,10.016,3.213,3.771,13.081,60.802,22.088,15.113,1.649,14,0,0,0,0,0,1,0,0,1,0,1,0,1,0
1103.875,7.94,1.198,8.306,8.293,63.405,20.505,15.154,0.854,0,1,0,0,1,0,0,0,1,0,0,1,0,1,0
1964.427,19.084,2.036,7.751,28.522,68.609,9.896,17.558,2.746,22,0,5,0,1,0,0,0,0,1,1,0,1,0,0
1278.983,29.251,1.339,9.523,23.658,63.916,20.768,13.43,2.576,48,0,0,0,1,0,0,0,1,0,0,1,0,1,0
1741.292,15.854,3.089,2.579,9.367,69.157,12.127,18.37,0.92,36,0,0,1,0,0,0,1,0,0,0,1,0,0,1
1377.544,21.924,1.989,4.541,21.868,55.088,28.154,13.552,2.154,24,0,0,1,0,0,0,1,0,0,1,0,0,0,1
1004.173,7.879,1.368,2.473,32.193,60.33,25.513,10.605,2.393,3,0,0,0,0,0,1,1,0,0,1,0,0,0,1
949.253,28.63,4.493,1.079,11.506,56.754,35.388,6.039,1.291,22,0,0,0,0,0,1,0,0,1,1,0,0,1,0
1254.295,23.167,1.301,1.104,13.09,53.759,33.147,11.958,2.407,10,4,0,0,1,0,0,0,1,0,0,1,0,0,1
1019.22,4.936,1.465,1.259,51.877,65.904,22.294,7.133,4.675,3,0,0,0,1,0,0,0,1,0,1,0,0,0,1
1398.848,17.017,2.395,3.065,37.678,50.534,33.021,15.494,0.975,37,0,0,1,0,0,0,0,0,1,0,1,0,1,0
1027.773,29.242,4.7,2.244,48.682,60.897,24.007,12.701,0.963,25,3,0,0,0,1,0,1,0,0,0,1,0,1,0
1575.493,15.748,0.91,8.595,36.877,51.516,31.196,14.216,3.524,22,0,1,0,0,1,0,0,0,1,1,0,1,0,0
1519.308,19.051,4.4,9.75,58.493,68.91,22.88,5.972,3.725,15,4,0,0,0,0,1,1,0,0,1,0,0,1,0
1412.102,24.757,2.31,7.244,51.024,69.734,11.314,15.314,4.76,23,0,0,0,0,1,0,0,0,1,1,0,0,1,0
424.024,30.556,2.626,9.233,59.313,52.051,30.474,16.586,0.916,31,0,8,0,1,0,0,0,0,1,1,0,0,1,0
1738.411,20.986,4.918,6.085,40.175,64.721,22.275,8.012,3.352,16,0,0,0,1,0,0,0,1,0,0,1,0,1,0
915.831,5.061,4.08,6.156,14.551,52.602,36.586,8.818,1.366,3,0,0,0,1,0,0,0,1,0,1,0,1,0,0
1098.316,29.058,2.74,7.985,4.376,66.784,14.212,14.98,2.637,20,0,0,0,0,0,1,0,1,0,0,1,1,0,0
808.947,9.817,2.511,7.778,37.753,51.08,39.786,5.958,2.17,6,0,0,0,0,1,0,0,1,0,0,1,1,0,0
2077.678,16.085,4.206,2.777,29.377,60.387,28.574,7.551,2.548,18,0,0,0,0,1,0,0,0,1,1,0,1,0,0
1580.193,21.379,4.562,9.747,28.098,59.107,29.612,6.555,4.137,20,0,0,1,0,0,0,0,0,1,0,1,0,0,1
1181.29,27.11,0.601,8.81,29.709,63.029,26.803,7.483,2.351,46,0,4,0,1,0,0,0,0,1,0,1,0,1,0
876.867,9.115,2.814,3.963,25.206,57.267,36.304,7.035,0.563,1,0,0,1,0,0,0,1,0,0,1,0,0,0,1
1094.772,13.2,5.079,1.4,49.564,51.145,40.263,5.972,2.023,10,2,0,0,0,1,0,1,0,0,1,0,1,0,0
896.141,4.946,4.03,3.716,58.772,70.604,20.35,7.228,2.989,2,3,0,0,1,0,0,1,0,0,1,0,0,0,1
1395.99,14.827,2.24,2.995,32.383,53.506,36.851,6.487,3.928,11,0,0,0,0,1,0,0,0,1,0,1,1,0,0
896.777,26.115,2.322,4.509,20.06,53.33,28.298,12.759,4.383,20,0,0,0,0,0,1,0,0,1,1,0,0,1,0
1583.716,19.929,4.246,7.676,50.56,57.79,26.105,13.134,3.051,58,0,0,0,0,0,1,1,0,0,0,1,0,0,1
1495.215,13.177,2.064,4.818,38.666,68.914,21.184,8.65,0.859,8,0,0,0,1,0,0,0,1,0,1,0,0,1,0
1300.599,11.176,3.25,7.857,9.495,55.417,24.498,16.128,4.964,6,0,0,0,0,1,0,0,1,0,0,1,0,1,0
1621.661,22.865,2.044,9.178,44.226,62.788,30.094,5.734,0.711,24,0,0,0,1,0,0,0,1,0,1,0,1,0,0
1183.504,29.684,4.88,9.815,7.694,67.436,19.789,12.491,1.564,20,0,0,0,0,1,0,1,0,0,0,1,1,0,0
1169.222,12.135,2.936,3.615,51.988,52.509,28.495,16.412,1.469,9,0,0,0,1,0,0,1,0,0,1,0,0,1,0
897.105,25.766,2.035,1.794,33.348,51.689,36.753,8.05,3.279,24,3,0,0,0,1,0,1,0,0,1,0,1,0,0
1236.207,10.129,3.686,9.814,13.483,67.686,10.059,18.74,4.517,0,0,0,0,0,1,0,0,0,1,1,0,1,0,0
1609.036,22.93,2.4,9.888,54.025,61.351,23.405,10.625,3.466,28,0,0,0,1,0,0,0,0,1,1,0,0,1,0
1686.201,16.107,0.742,6.6,19.33,55.806,31.819,8.744,4.535,31,0,0,1,0,0,0,1,0,0,0,1,1,0,0
1887.338,15.741,4.827,5.456,36.418,58.603,17.472,19.369,4.846,41,3,0,0,1,0,0,1,0,0,0,1,1,0,0
944.882,8.04,1.812,2.052,53.366,63.169,17.371,15.537,4.87,1,0,0,0,0,1,0,1,0,0,1,0,0,1,0
1839.516,19.961,1.495,7.132,45.383,67.253,27.173,6.046,0.575,20,0,0,1,0,0,0,0,0,1,1,0,1,0,0
1077.643,8.028,2.63,2.849,36.33,61.345,21.644,13.309,4.809,0,2,0,0,0,1,0,1,0,0,0,1,0,1,0
1463.934,24.668,0.569,4.246,42.243,63.378,20.703,12.431,1.961,31,0,0,1,0,0,0,0,1,0,0,1,0,0,1
1585.292,16.152,4.369,8.16,13.428,52.599,30.418,12.955,3.956,14,2,0,1,0,0,0,0,1,0,1,0,1,0,0
1069.558,10.145,1.189,7.892,15.428,67.251,25.452,5.201,2.893,0,3,0,1,0,0,0,0,1,0,0,1,0,1,0
1080.315,28.671,2.077,6.754,30.787,58.05,25.453,11.754,4.474,43,0,0,0,0,1,0,0,1,0,0,1,0,0,1
1606.302,14.757,4.063,7.7,25.904,61.591,17.877,18.344,1.14,10,0,0,0,0,1,0,0,0,1,1,0,0,1,0
1404.134,13.733,0.581,7.3,23.366,60.471,24.79,10.975,4.602,9,0,0,1,0,0,0,0,1,0,1,0,0,0,1
943.296,26.148,0.613,6.537,32.567,69.944,21.471,8.099,1.658,30,0,1,0,0,0,1,0,0,1,1,0,0,0,1
893.318,27.116,4.842,4.786,47.111,56.201,27.805,13.44,3.518,30,0,0,0,0,0,1,0,1,0,1,0,0,1,0
1424.272,23.043,2.756,4.229,31.01,59.166,23.394,12.885,4.5,21,0,0,0,0,0,1,0,1,0,1,0,0,1,0
799.731,8.904,1.083,1.879,28.772,52.565,30.346,12.817,3.795,0,2,0,1,0,0,0,0,1,0,1,0,0,0,1
1612.234,10.952,3.158,8.25,40.32,66.591,14.197,15.006,4.063,12,0,0,0,0,1,0,0,1,0,0,1,0,1,0
779.52,7.026,1.05,6.026,25.393,54.887,39.737,5.684,0.67,8,4,0,0,0,1,0,1,0,0,0,1,1,0,0
813.718,6.999,4.541,9.606,52.351,58.921,32.405,6.194,2.284,0,0,0,0,0,0,1,0,1,0,1,0,0,0,1
827.743,30.585,3.372,1.066,36.125,55.41,29.005,13.108,2.596,30,0,4,0,0,0,1,0,0,1,1,0,0,0,1
1334.988,23.651,3.839,2.711,26.209,51.9,29.334,15.639,2.187,22,0,0,0,1,0,0,1,0,0,1,0,0,0,1
1191.743,29.226,4.747,5.25,27.97,60.712,29.945,7.695,1.431,36,0,0,0,0,1,0,0,1,0,0,1,1,0,0
1563.776,24.904,0.695,3.456,11.517,69.524,9.201,17.894,3.325,21,2,0,0,1,0,0,1,0,0,0,1,1,0,0
1004.529,6.98,4.364,9.161,19.161,68.362,22.923,8.898,0.69,10,2,0,0,0,1,0,0,1,0,0,1,0,0,1
1352.689,11.096,0.938,1.126,43.697,63.054,25.199,7.628,4.662,0,0,0,0,0,0,1,0,1,0,0,1,0,1,0
1646.376,16.123,2.988,7.849,51.113,68.252,11.269,17.551,2.2,17,2,0,0,0,0,1,1,0,0,1,0,1,0,0
1531.622,20.393,1.579,3.899,47.941,52.423,40.228,5.413,1.706,19,3,0,0,0,1,0,0,1,0,1,0,1,0,0
1224.024,14.777,2.866,7.41,5.471,50.184,28.786,15.69,4.443,11,0,0,0,1,0,0,0,0,1,0,1,0,0,1
1088.429,4.921,4.744,5.507,35.869,57.853,22.231,19.371,2.266,0,0,0,0,1,0,0,0,1,0,1,0,0,0,1
1154.0,25.224,1.567,4.718,58.839,55.408,29.501,13.52,1.353,22,0,0,0,1,0,0,0,1,0,0,1,0,0,1
1333.33,22.069,2.234,2.635,18.799,59.417,30.252,9.493,0.691,16,0,6,1,0,0,0,0,0,1,0,1,0,1,0
1552.738,12.883,3.002,5.767,26.447,64.534,24.677,8.866,1.061,14,0,0,1,0,0,0,0,0,1,1,0,0,1,0
1818.804,18.68,2.82,6.844,19.499,55.623,25.148,15.746,3.3,17,0,0,0,0,1,0,0,0,1,1,0,0,1,0
957.784,6.884,4.035,9.879,9.036,57.561,22.309,20.265,1.001,0,0,0,0,0,1,0,0,0,1,1,0,0,1,0
926.064,26.41,3.419,3.583,18.607,58.933,34.422,6.622,0.584,32,1,0,0,0,0,1,0,1,0,1,0,0,0,1
2076.483,16.79,3.538,4.899,16.43,62.911,26.696,7.067,2.811,5,0,0,0,1,0,0,1,0,0,0,1,0,0,1
813.025,8.936,0.972,1.244,48.463,55.071,24.384,17.274,2.753,9,0,0,1,0,0,0,0,0,1,0,1,0,0,1
1151.262,28.683,0.586,6.161,18.305,62.341,28.238,7.544,0.812,35,0,0,0,0,1,0,0,0,1,0,1,1,0,0
724.836,28.832,1.817,4.341,21.11,51.237,39.489,9.176,1.026,13,0,0,0,0,1,0,1,0,0,0,1,0,0,1
757.301,25.552,2.617,8.839,52.836,54.439,23.272,19.36,1.787,26,0,0,0,0,0,1,0,0,1,1,0,0,1,0
1862.943,16.012,3.311,9.33,47.95,63.075,26.192,7.601,3.009,18,0,0,0,0,0,1,1,0,0,1,0,1,0,0
1077.344,25.55,4.006,9.847,19.8,57.934,24.038,14.753,3.597,12,0,0,1,0,0,0,0,1,0,0,1,0,0,1
954.44,27.324,1.685,9.191,52.604,70.302,11.367,18.512,1.0,31,0,0,0,1,0,0,1,0,0,1,0,0,1,0
1217.796,11.872,2.208,1.393,21.709,53.012,28.326,14.534,4.435,15,0,0,0,0,0,1,0,0,1,0,1,1,0,0
1445.435,11.018,3.144,8.425,33.693,58.964,26.505,11.13,3.015,9,3,0,0,0,0,1,0,1,0,1,0,1,0,0
989.121,10.152,4.784,3.67,18.699,56.153,35.274,7.543,0.518,10,3,0,0,1,0,0,0,1,0,0,1,0,1,0
891.096,8.048,2.813,6.151,12.045,56.201,36.32,7.325,0.833,19,4,0,0,1,0,0,1,0,0,0,1,0,0,1
1578.977,16.021,3.405,6.736,28.354,53.691,33.617,8.789,4.466,19,0,0,0,0,0,1,0,0,1,1,0,0,1,0
1234.83,4.965,3.029,3.946,18.614,65.544,17.362,12.498,3.484,1,0,0,0,0,1,0,0,0,1,0,1,0,0,1
2044.258,18.873,0.933,3.8,34.737,60.648,26.678,7.542,4.383,18,0,0,0,1,0,0,0,0,1,1,0,0,1,0
869.75,27.183,0.964,7.356,30.217,52.857,32.847,11.227,4.123,34,0,0,1,0,0,0,0,1,0,1,0,1,0,0
962.657,7.138,1.561,2.115,10.103,68.224,25.401,6.126,0.927,1,0,0,1,0,0,0,1,0,0,1,0,0,1,0
1457.366,16.104,1.011,5.89,11.876,52.396,38.063,7.694,1.161,18,0,0,0,0,0,1,0,1,0,1,0,1,0,0
944.114,28.065,0.588,6.061,21.082,55.442,20.741,19.603,4.599,27,0,0,1,0,0,0,0,0,1,1,0,0,1,0
1003.204,27.249,0.705,1.708,23.533,65.139,17.89,15.122,1.144,30,0,0,0,0,0,1,1,0,0,1,0,0,1,0
1480.39,23.967,1.568,2.789,15.711,67.202,16.412,12.244,3.029,24,0,0,1,0,0,0,0,1,0,1,0,0,0,1
801.71,8.842,0.569,6.16,21.97,58.191,34.71,6.928,0.987,0,3,0,0,0,0,1,0,1,0,0,1,1,0,0
976.285,10.025,1.845,5.764,3.825,68.7,23.706,6.145,2.22,0,0,0,0,0,0,1,0,0,1,0,1,0,0,1
1460.805,21.384,3.74,1.675,5.572,67.596,20.393,10.419,2.433,30,0,0,0,0,0,1,1,0,0,0,1,0,1,0
1120.927,4.935,4.737,2.475,39.613,58.603,21.743,15.058,3.727,0,0,0,1,0,0,0,0,0,1,1,0,0,1,0
2047.965,17.129,2.77,6.686,18.957,66.644,18.277,12.696,3.133,52,0,0,0,1,0,0,0,0,1,0,1,0,0,1
1385.68,11.856,4.013,1.96,11.194,63.931,15.245,16.31,4.747,10,3,0,0,0,0,1,1,0,0,1,0,0,1,0
1884.017,16.023,4.181,4.628,42.231,66.448,13.151,15.513,4.596,25,0,0,0,0,0,1,1,0,0,1,0,1,0,0
855.751,5.903,0.75,2.114,35.093,60.001,20.616,18.929,0.902,9,0,0,0,0,0,1,0,0,1,0,1,0,0,1
1421.057,23.952,4.022,4.523,53.753,59.678,26.298,8.535,4.826,23,0,0,0,0,1,0,0,0,1,1,0,0,1,0
1596.035,19.195,0.603,6.02,58.133,64.445,24.563,7.527,4.058,18,1,0,0,0,0,1,1,0,0,1,0,0,0,1
1165.589,26.835,1.613,9.555,12.912,68.395,10.328,17.452,3.926,29,0,0,1,0,0,0,0,0,1,0,1,0,1,0
1836.117,19.125,1.676,6.469,58.287,62.516,23.676,9.364,3.67,19,1,0,0,1,0,0,1,0,0,1,0,0,1,0
1633.075,20.236,0.533,3.976,8.663,50.986,38.258,6.096,4.155,40,0,0,0,0,1,0,0,0,1,0,1,1,0,0
989.937,27.461,4.246,6.326,16.675,55.332,26.416,15.785,1.993,21,0,0,1,0,0,0,0,0,1,0,1,0,0,1
1076.231,27.703,2.718,5.087,46.232,63.062,15.926,15.806,3.715,32,2,0,0,0,0,1,0,1,0,1,0,0,0,1
1777.416,20.915,1.304,5.735,17.271,63.271,14.431,18.183,4.493,25,0,0,0,1,0,0,0,0,1,0,1,1,0,0
1142.528,29.583,3.102,2.582,5.043,63.361,27.998,8.713,0.918,35,0,0,0,0,1,0,1,0,0,0,1,1,0,0
1596.883,16.315,4.204,7.031,28.615,53.997,35.088,6.178,2.983,23,2,0,0,0,0,1,0,1,0,1,0,0,1,0
1830.6,17.29,1.391,3.449,33.199,55.942,32.884,5.248,4.75,17,0,0,0,1,0,0,1,0,0,1,0,0,1,0
1704.714,16.026,2.847,9.302,46.769,65.139,20.296,13.952,0.993,18,2,0,0,0,0,1,1,0,0,1,0,1,0,0
1092.777,25.342,3.051,2.937,18.084,52.432,29.918,16.33,2.213,21,0,0,0,0,0,1,0,1,0,0,1,0,0,1
2038.823,20.017,4.318,7.041,25.653,61.014,26.244,10.105,2.16,20,3,0,0,1,0,0,0,1,0,1,0,1,0,0
1547.548,13.064,2.897,3.016,32.553,61.369,15.572,18.631,4.081,9,0,5,0,0,1,0,0,0,1,1,0,0,1,0
1322.849,4.918,2.72,7.639,19.236,65.843,14.385,16.032,3.645,0,0,0,0,1,0,0,0,1,0,0,1,1,0,0
870.123,28.286,2.337,7.495,16.781,53.304,25.698,15.809,4.72,21,0,0,1,0,0,0,1,0,0,0,1,0,1,0
1285.705,21.672,0.794,9.685,53.578,59.423,25.947,10.496,3.392,33,0,0,0,0,0,1,1,0,0,0,1,0,0,1
856.089,5.065,2.25,4.308,45.069,59.686,21.018,18.841,1.092,0,0,0,0,0,0,1,1,0,0,0,1,0,0,1
1329.027,12.135,4.189,6.997,13.823,55.025,34.303,10.265,0.868,7,0,0,1,0,0,0,0,0,1,1,0,1,0,0
1215.884,5.042,1.767,4.937,35.799,67.186,20.703,9.123,3.49,0,0,0,0,0,1,0,0,0,1,0,1,0,0,1
1275.225,23.555,3.657,9.936,34.277,53.139,31.434,13.957,1.195,25,0,0,0,0,1,0,0,0,1,0,1,1,0,0
1422.098,17.858,1.472,2.002,34.185,50.411,32.954,12.462,4.803,6,0,0,0,0,0,1,0,0,1,0,1,1,0,0
1298.505,28.725,4.487,8.095,40.47,64.749,18.109,11.834,4.154,41,0,0,0,1,0,0,1,0,0,0,1,0,1,0
1223.586,29.832,2.956,3.385,20.573,58.214,30.088,8.019,3.05,41,0,5,0,1,0,0,0,0,1,1,0,1,0,0
885.912,28.522,2.163,6.437,7.236,53.98,26.085,17.353,1.651,28,0,0,0,0,1,0,1,0,0,1,0,0,0,1
1358.487,11.192,1.714,1.087,49.129,64.097,20.253,10.889,3.832,8,0,3,1,0,0,0,0,0,1,1,0,0,0,1
1499.299,17.037,2.735,7.83,57.909,60.393,19.682,18.973,1.342,16,0,0,0,0,0,1,0,1,0,0,1,0,1,0
1495.146,20.837,4.969,5.752,17.564,61.49,30.261,6.866,2.055,25,0,0,0,0,0,1,0,0,1,1,0,0,0,1
1612.748,15.934,4.488,3.084,50.109,55.162,29.03,12.069,4.241,14,0,0,1,0,0,0,0,0,1,0,1,0,1,0
1736.091,20.956,4.951,4.269,33.503,60.72,15.879,19.661,4.091,20,0,0,0,1,0,0,0,1,0,1,0,0,1,0
1380.756,15.06,1.788,9.544,16.377,59.044,27.71,9.992,2.384,12,0,0,0,0,0,1,1,0,0,1,0,0,1,0
1481.297,13.008,2.426,7.24,45.128,63.384,17.928,13.304,4.375,17,0,0,0,0,0,1,0,0,1,0,1,0,1,0
1138.597,29.486,4.548,3.624,29.124,60.214,28.673,8.241,3.464,26,0,0,0,0,0,1,0,0,1,1,0,0,0,1
1365.119,24.997,2.216,6.418,16.069,52.033,32.416,13.42,2.61,26,0,0,0,1,0,0,0,0,1,1,0,1,0,0
592.126,28.551,2.521,4.519,49.372,51.271,32.453,13.314,3.638,28,3,0,0,0,0,1,1,0,0,1,0,0,0,1
1709.725,25.351,1.696,7.98,25.683,65.59,16.023,14.47,4.691,0,0,0,0,1,0,0,0,0,1,0,1,1,0,0
995.758,26.685,3.853,9.751,54.073,69.894,18.992,6.899,4.729,31,0,0,0,1,0,0,1,0,0,1,0,0,1,0
1633.612,23.396,2.103,1.105,36.153,67.704,12.491,17.796,3.119,27,0,0,0,0,1,0,0,0,1,0,1,0,1,0
1637.766,21.662,4.785,4.061,45.66,68.05,19.899,6.627,3.97,35,0,0,0,1,0,0,0,1,0,0,1,1,0,0
1550.139,15.19,1.082,5.429,30.115,67.158,11.931,19.188,2.106,6,0,0,0,0,1,0,0,1,0,0,1,0,1,0
968.736,29.857,3.299,1.84,30.591,57.161,19.618,19.721,4.458,23,0,5,0,0,1,0,0,0,1,0,1,0,1,0
1402.917,24.363,1.872,9.388,32.161,68.836,13.919,13.924,2.887,28,0,0,0,0,0,1,0,1,0,1,0,0,0,1
1054.217,7.103,4.68,4.086,3.098,67.98,12.254,18.458,1.84,1,0,0,0,0,1,0,0,1,0,0,1,0,1,0
1285.739,28.343,1.62,8.102,21.994,64.418,19.582,11.693,3.45,28,2,0,0,1,0,0,1,0,0,1,0,0,1,0
1790.739,19.22,2.224,3.917,26.841,60.906,16.375,18.963,4.539,18,0,0,0,0,0,1,0,1,0,1,0,0,0,1
1288.175,11.906,4.789,7.058,55.515,65.789,23.401,8.537,1.37,12,0,0,0,0,0,1,0,0,1,1,0,0,1,0
1718.944,15.732,0.796,9.711,40.11,62.409,30.573,6.575,0.858,23,0,0,1,0,0,0,0,1,0,1,0,0,1,0
1381.95,20.919,3.232,1.314,4.094,59.88,16.654,17.897,4.961,23,0,0,0,0,0,1,0,0,1,0,1,0,1,0
1038.054,6.909,3.938,4.898,23.094,66.187,17.278,16.16,0.691,0,0,0,0,0,0,1,0,1,0,1,0,0,1,0
1559.329,23.179,1.751,2.29,2.835,65.796,21.103,9.085,2.967,15,0,6,0,1,0,0,0,0,1,0,1,0,1,0
2034.47,19.877,4.082,6.252,46.063,58.633,27.651,9.473,3.872,31,0,0,0,1,0,0,0,1,0,0,1,1,0,0
1275.408,17.323,2.128,1.665,54.903,51.868,35.487,7.829,4.485,8,0,0,0,0,0,1,0,1,0,0,1,0,1,0
1530.177,19.107,3.265,5.843,14.614,53.361,36.21,9.323,2.507,14,0,4,0,0,0,1,0,0,1,0,1,1,0,0
1684.849,18.232,1.304,6.837,7.628,60.02,29.563,8.254,1.235,25,0,0,0,0,0,1,0,1,0,0,1,0,0,1
1422.438,12.809,4.123,1.4,21.474,67.87,20.962,7.063,3.149,9,0,6,0,0,0,1,0,0,1,0,1,1,0,0
1414.124,20.29,1.883,4.572,1.802,53.276,37.068,8.146,1.415,18,0,0,0,0,0,1,1,0,0,1,0,0,1,0
1395.767,12.203,0.985,7.283,6.919,55.321,32.464,8.14,3.961,10,0,0,0,1,0,0,1,0,0,1,0,0,1,0
1513.313,21.989,4.435,1.075,4.667,66.132,13.987,15.939,4.731,28,0,0,0,0,1,0,0,1,0,0,1,0,0,1
1234.667,29.123,4.639,7.576,12.121,60.749,25.043,11.937,1.335,32,0,0,0,1,0,0,0,0,1,1,0,0,0,1
1105.752,26.275,2.73,4.364,37.154,68.337,17.918,13.095,0.899,29,1,0,0,0,1,0,0,1,0,0,1,0,1,0
837.084,4.935,4.916,3.789,38.806,53.176,27.506,14.458,4.337,6,0,0,1,0,0,0,1,0,0,0,1,0,1,0
1350.879,21.002,4.065,1.982,19.2,56.03,32.301,6.325,4.317,22,2,0,0,0,0,1,1,0,0,1,0,0,1,0
1092.282,28.882,2.951,2.447,19.875,69.234,13.122,16.528,1.535,36,0,0,0,0,1,0,1,0,0,0,1,0,0,1
1790.311,19.717,4.913,1.672,2.762,66.227,22.186,10.559,1.549,13,0,0,1,0,0,0,1,0,0,0,1,0,0,1
1498.374,11.936,1.854,8.199,32.413,69.633,8.872,18.701,3.843,0,2,0,1,0,0,0,0,1,0,0,1,1,0,0
1456.808,10.81,1.451,4.886,35.644,64.177,22.676,12.196,0.763,0,0,0,1,0,0,0,0,1,0,0,1,0,0,1
1164.342,27.469,4.099,8.922,43.59,65.084,20.824,9.438,4.706,22,0,0,0,0,1,0,1,0,0,0,1,0,0,1
1738.22,22.664,2.243,5.567,33.71,64.236,15.54,18.378,1.656,30,0,0,0,1,0,0,0,0,1,0,1,1,0,0
1031.795,9.167,1.152,3.052,1.045,70.479,12.219,15.592,3.096,13,1,0,0,1,0,0,1,0,0,0,1,0,1,0
1135.513,14.028,2.75,6.588,58.61,51.806,40.306,5.401,1.675,9,0,0,0,1,0,0,0,0,1,0,1,1,0,0
1380.978,24.447,1.842,4.811,1.881,56.324,31.79,7.904,3.824,31,0,0,1,0,0,0,0,0,1,0,1,0,0,1
1894.036,16.954,4.708,4.321,28.151,63.787,20.732,12.494,2.979,16,0,3,0,0,0,1,0,0,1,1,0,1,0,0
1130.572,7.94,1.724,7.038,21.117,64.246,17.047,15.429,3.426,2,0,0,0,0,0,1,0,1,0,0,1,1,0,0
927.791,29.007,3.55,9.855,3.212,66.208,20.953,10.429,1.504,49,0,0,0,0,0,1,1,0,0,0,1,0,1,0
729.945,29.927,1.577,3.939,59.617,70.329,9.095,18.235,3.11,33,0,0,0,0,0,1,0,1,0,0,1,0,0,1
620.599,6.89,1.893,7.402,58.727,55.921,35.567,7.693,0.59,2,0,0,1,0,0,0,0,0,1,1,0,0,1,0
745.098,10.056,1.103,8.813,50.125,55.332,31.543,9.911,4.675,1,1,0,1,0,0,0,0,1,0,1,0,1,0,0
847.719,28.671,3.408,7.027,18.65,50.24,32.719,12.591,3.83,30,1,0,0,0,1,0,1,0,0,1,0,0,1,0
1212.878,29.139,2.52,7.008,30.688,68.134,8.323,19.129,4.835,19,0,0,0,1,0,0,0,0,1,0,1,0,0,1
1051.922,15.09,1.478,9.747,7.162,54.462,34.701,11.859,0.565,11,0,0,0,0,0,1,0,1,0,1,0,0,1,0
1116.441,29.582,3.629,3.049,34.119,60.438,19.974,15.711,2.47,27,0,0,0,0,0,1,1,0,0,1,0,0,1,0
1241.421,14.737,3.973,6.052,13.527,54.757,29.876,15.139,0.823,12,0,0,1,0,0,0,0,0,1,1,0,0,1,0
1922.841,16.18,2.743,5.959,46.8,66.994,11.919,18.503,2.375,17,0,0,0,0,1,0,0,0,1,1,0,0,1,0
1177.533,11.981,1.731,4.02,55.009,60.266,30.763,9.849,0.548,26,0,0,0,0,0,1,1,0,0,0,1,1,0,0
749.81,9.823,0.715,7.831,56.019,69.84,12.029,16.906,1.615,1,0,0,1,0,0,0,0,0,1,1,0,0,0,1
1161.651,29.574,1.954,3.563,18.348,67.54,17.291,13.409,1.419,16,0,0,1,0,0,0,0,1,0,0,1,1,0,0
1076.42,25.54,0.684,8.287,4.668,63.064,26.34,5.459,3.844,29,0,0,0,0,0,1,0,0,1,0,1,0,0,1
997.883,29.226,1.467,6.086,4.987,54.836,35.392,5.766,3.607,33,0,0,0,0,1,0,0,0,1,1,0,0,0,1
1080.938,28.542,1.47,6.126,41.472,58.246,29.657,9.791,1.005,25,0,0,0,1,0,0,0,1,0,0,1,0,1,0
1721.583,18.802,1.648,8.013,4.871,54.976,32.705,8.604,2.81,8,0,0,0,0,0,1,0,0,1,0,1,1,0,0
968.488,6.9,3.058,8.278,7.712,65.055,22.422,6.785,4.913,0,0,0,0,0,0,1,1,0,0,1,0,0,1,0
1214.415,23.637,2.994,5.29,50.426,52.169,32.194,13.804,1.364,26,0,0,0,1,0,0,0,1,0,1,0,1,0,0
1665.707,16.866,2.973,1.689,25.169,53.586,32.47,11.165,3.56,41,0,0,1,0,0,0,0,0,1,0,1,1,0,0
2155.117,18.697,3.035,5.164,27.739,61.485,16.353,17.532,3.843,18,0,0,0,1,0,0,0,0,1,1,0,0,0,1
983.712,6.046,1.603,8.984,12.142,54.463,21.573,20.251,3.348,1,0,0,0,0,1,0,0,0,1,0,1,0,1,0
1429.411,13.755,1.3,4.76,53.548,66.67,12.895,16.361,4.036,11,0,1,0,0,1,0,0,0,1,1,0,0,1,0
996.827,6.002,4.756,4.706,19.966,66.297,13.502,18.044,0.956,0,3,0,1,0,0,0,1,0,0,1,0,0,1,0
1452.616,23.457,2.849,3.089,30.94,59.634,31.376,5.743,1.71,30,4,0,0,0,0,1,1,0,0,0,1,1,0,0
1308.643,12.151,3.128,5.347,27.353,52.984,27.702,17.203,2.177,9,0,0,1,0,0,0,1,0,0,1,0,1,0,0
1715.298,23.106,3.918,2.008,30.45,66.712,19.031,12.331,3.262,29,0,0,0,1,0,0,1,0,0,0,1,0,1,0
1695.441,15.876,4.494,9.16,1.024,59.394,18.32,19.922,3.07,21,0,0,0,0,0,1,0,0,1,1,0,0,1,0
1783.938,19.094,1.359,1.742,10.741,58.566,24.427,15.14,1.04,40,0,0,1,0,0,0,0,1,0,0,1,1,0,0
923.824,29.031,2.397,6.756,35.132,58.603,23.205,13.681,4.941,32,0,0,0,0,0,1,0,0,1,1,0,0,0,1
1840.607,17.947,2.169,9.451,12.104,61.732,25.421,11.957,0.968,29,0,0,0,0,1,0,1,0,0,0,1,0,0,1
1428.398,11.823,3.43,6.88,24.881,67.797,18.229,11.064,2.937,11,3,0,0,0,0,1,1,0,0,1,0,0,1,0
1413.317,24.371,3.671,1.119,51.897,64.306,26.066,7.44,2.813,28,0,0,0,0,0,1,0,0,1,0,1,0,0,1
1520.371,10.978,2.468,4.62,12.046,59.917,28.751,9.383,2.897,0,0,0,0,0,0,1,0,0,1,0,1,1,0,0
1826.765,16.792,1.092,1.313,5.149,69.296,14.379,10.397,4.778,26,0,2,0,1,0,0,0,0,1,1,0,1,0,0
1075.256,9.947,1.029,1.546,8.796,65.99,13.012,16.69,2.99,0,0,0,1,0,0,0,1,0,0,0,1,0,1,0
1569.208,24.914,4.669,3.29,5.738,67.939,23.139,5.073,4.055,22,0,0,0,0,1,0,0,1,0,1,0,0,1,0
973.564,27.354,2.685,2.551,52.243,63.894,29.684,6.196,0.843,30,3,0,0,0,1,0,1,0,0,0,1,0,0,1
582.267,30.28,2.927,8.446,58.268,53.518,31.722,9.55,4.715,29,2,0,1,0,0,0,1,0,0,1,0,1,0,0
1664.09,18.194,0.978,6.052,57.875,70.414,18.261,8.671,3.7,8,0,0,0,0,1,0,0,1,0,0,1,0,1,0
1692.874,22.55,1.981,4.931,36.151,62.791,29.988,5.784,2.976,23,0,0,0,1,0,0,1,0,0,1,0,0,0,1
1536.068,21.926,4.251,7.038,22.833,58.058,24.917,14.878,1.311,21,0,0,0,0,1,0,1,0,0,1,0,1,0,0
1452.998,14.989,1.881,4.814,48.685,65.529,14.012,16.666,4.631,8,2,0,1,0,0,0,1,0,0,1,0,0,1,0
1643.113,16.673,4.454,8.042,14.518,52.02,38.141,5.99,4.338,24,4,0,0,1,0,0,0,1,0,0,1,1,0,0
1208.632,20.798,2.356,9.018,19.366,51.724,35.111,11.157,2.441,20,1,0,0,0,1,0,1,0,0,1,0,0,1,0
1383.657,12.125,4.546,8.985,38.692,62.022,28.695,9.961,0.965,16,0,0,0,0,0,1,0,0,1,0,1,0,0,1
1017.954,26.608,4.132,4.011,57.447,59.138,34.253,5.083,1.84,28,0,0,0,1,0,0,0,1,0,1,0,0,1,0
825.513,27.038,2.877,2.753,46.413,53.367,29.973,13.394,2.28,26,3,0,0,0,1,0,0,1,0,0,1,0,0,1
1246.012,9.886,1.057,3.354,34.962,63.105,23.765,9.501,4.445,0,0,0,0,0,1,0,1,0,0,0,1,1,0,0
2030.178,16.668,2.298,4.645,50.059,62.777,26.441,6.157,3.287,16,0,0,0,1,0,0,0,1,0,1,0,0,1,0
944.581,28.7,4.403,1.532,46.346,52.341,33.919,9.95,3.721,30,0,0,0,1,0,0,0,1,0,1,0,1,0,0
952.13,6.114,4.88,2.814,49.029,67.896,25.011,6.929,0.692,1,0,0,1,0,0,0,0,0,1,1,0,0,0,1
1300.953,11.133,4.869,8.997,53.441,60.376,22.684,14.705,2.079,10,0,0,0,0,0,1,0,0,1,1,0,0,0,1
665.029,5.092,2.297,2.538,33.52,50.452,34.387,12.589,3.136,0,0,0,0,0,0,1,0,0,1,0,1,0,1,0
1675.369,24.988,2.082,5.396,2.447,66.633,23.989,6.295,3.039,15,0,1,0,1,0,0,0,0,1,0,1,1,0,0
1150.12,7.875,1.089,8.117,13.289,63.192,16.574,16.616,3.993,0,0,2,1,0,0,0,0,0,1,1,0,1,0,0
514.906,28.054,3.675,8.238,55.77,49.651,38.529,8.071,2.939,30,0,3,0,0,0,1,0,0,1,1,0,1,0,0
1679.903,18.965,4.17,7.987,57.591,69.643,15.404,14.044,1.53,11,1,0,0,1,0,0,0,1,0,0,1,0,1,0
1494.251,23.317,1.255,6.773,18.361,66.694,17.617,15.815,0.513,23,0,0,1,0,0,0,1,0,0,1,0,1,0,0
1260.302,10.823,4.775,8.01,46.408,57.852,21.882,18.25,2.642,9,0,4,1,0,0,0,0,0,1,1,0,0,1,0
1838.395,15.992,3.952,5.513,40.004,67.806,18.083,9.944,3.251,16,0,0,0,0,0,1,0,1,0,0,1,0,1,0
1595.043,16.762,2.976,5.628,56.857,66.056,14.437,19.856,0.908,17,0,0,0,0,0,1,0,0,1,1,0,0,1,0
1688.768,19.86,1.741,3.164,49.22,65.769,13.841,19.386,1.964,21,4,0,0,0,0,1,0,1,0,1,0,0,0,1
2096.734,19.18,2.803,4.718,35.998,63.536,16.752,15.246,4.057,21,0,2,0,0,1,0,0,0,1,0,1,1,0,0
1753.159,18.982,3.998,6.343,7.773,55.63,22.427,16.211,4.364,21,0,0,1,0,0,0,1,0,0,1,0,0,0,1
1251.574,12.935,1.88,2.506,41.974,55.361,21.564,17.881,4.691,9,0,0,1,0,0,0,0,1,0,0,1,0,0,1
1066.967,25.89,3.696,5.051,44.891,53.142,35.713,7.566,4.204,10,0,0,0,1,0,0,0,0,1,0,1,1,0,0
867.968,4.992,3.942,2.445,29.693,70.142,10.672,14.492,4.852,1,4,0,1,0,0,0,1,0,0,1,0,0,0,1
754.442,10.114,2.378,8.515,59.081,59.895,28.323,10.285,2.496,1,0,0,0,0,0,1,0,0,1,1,0,0,1,0
1026.651,10.157,3.229,6.122,12.278,60.823,25.84,10.286,2.496,0,0,8,0,0,1,0,0,0,1,1,0,0,1,0
1063.702,9.164,3.794,1.998,19.85,53.748,26.638,16.126,3.468,0,0,0,0,1,0,0,0,1,0,0,1,1,0,0
1842.048,20.23,1.132,6.823,41.071,57.141,27.183,10.44,4.061,13,2,0,0,0,1,0,0,1,0,0,1,0,0,1
945.482,8.934,4.667,5.758,15.845,56.099,28.039,12.41,2.65,0,0,0,0,0,0,1,0,0,1,1,0,0,1,0
1439.015,13.098,3.839,5.976,48.991,68.355,21.704,6.697,3.821,10,0,0,0,0,0,1,1,0,0,1,0,1,0,0
1135.486,9.975,2.674,7.821,39.435,59.929,14.573,20.071,4.728,0,0,0,1,0,0,0,0,0,1,0,1,1,0,0
1110.67,28.715,4.69,3.502,9.708,63.48,23.032,13.715,1.254,37,0,0,1,0,0,0,1,0,0,1,0,0,1,0
1785.223,22.3,2.125,5.039,43.877,65.578,13.093,16.832,3.547,27,0,0,0,1,0,0,0,0,1,1,0,1,0,0
1262.701,9.815,4.124,6.723,22.249,64.048,25.292,7.916,2.928,2,0,0,1,0,0,0,0,0,1,0,1,1,0,0
1319.321,11.177,0.821,2.195,19.039,68.031,15.878,10.646,5.041,10,0,0,0,0,0,1,0,0,1,1,0,0,0,1
1538.671,14.977,1.519,1.98,27.01,65.561,15.452,17.562,1.925,10,0,0,0,0,1,0,0,1,0,1,0,0,1,0
1852.952,19.104,2.974,6.858,31.029,63.753,23.158,7.187,4.599,33,0,0,0,0,0,1,1,0,0,0,1,0,1,0
1088.913,25.159,4.807,1.872,50.433,52.26,26.228,19.918,1.153,27,0,0,1,0,0,0,0,0,1,0,1,0,1,0
941.708,6.095,3.513,1.122,32.818,58.533,30.906,7.497,4.455,0,0,0,0,0,0,1,0,1,0,1,0,0,0,1
1691.022,19.104,3.839,4.745,49.077,55.107,24.564,15.75,4.389,12,0,0,1,0,0,0,1,0,0,0,1,0,0,1
1626.553,22.1,3.132,5.193,4.299,62.793,27.886,8.4,2.21,35,0,0,0,0,1,0,1,0,0,0,1,1,0,0
1125.956,23.584,1.283,8.183,1.03,54.569,28.616,13.371,4.573,20,0,0,0,0,0,1,0,0,1,0,1,1,0,0
1081.601,7.005,1.795,7.919,31.058,56.728,29.039,11.156,2.527,14,0,0,0,0,1,0,0,1,0,0,1,1,0,0
721.071,9.86,1.714,2.224,19.833,49.956,39.944,8.076,2.113,0,2,0,0,1,0,0,1,0,0,0,1,0,0,1
1007.072,8.076,1.101,8.048,42.965,62.102,27.849,5.409,4.676,4,0,3,1,0,0,0,0,0,1,0,1,1,0,0
783.985,6.003,0.983,2.048,45.191,53.977,31.492,10.759,4.534,1,0,0,0,0,1,0,0,1,0,1,0,1,0,0
1430.851,23.166,3.08,7.582,15.96,61.313,24.916,13.552,1.13,27,1,0,1,0,0,0,1,0,0,1,0,0,0,1
1307.619,23.56,4.748,2.394,7.549,54.326,32.887,8.718,4.1,24,0,0,1,0,0,0,0,0,1,1,0,0,1,0
2083.133,18.684,4.547,3.552,27.392,70.675,11.52,15.916,2.281,7,0,0,0,1,0,0,0,0,1,0,1,1,0,0
1920.196,20.173,1.101,4.276,41.337,66.615,14.696,17.358,0.897,18,1,0,0,1,0,0,1,0,0,1,0,0,1,0
1443.962,24.572,0.774,9.271,16.03,70.226,13.091,14.661,3.041,25,0,0,1,0,0,0,0,1,0,1,0,0,0,1
1453.494,18.674,4.169,8.27,8.638,52.67,27.53,17.927,2.157,27,0,0,0,0,0,1,0,1,0,0,1,0,1,0
1246.943,6.863,3.032,6.458,28.141,65.122,18.44,13.491,1.948,0,0,0,0,1,0,0,0,1,0,1,0,0,0,1
1085.787,29.53,2.499,3.124,43.968,56.086,23.771,16.46,2.516,30,0,0,0,0,1,0,1,0,0,1,0,1,0,0
926.314,29.276,2.053,3.439,25.661,55.626,28.41,13.572,0.822,25,0,0,1,0,0,0,0,1,0,0,1,0,1,0
1465.769,24.853,1.018,7.585,46.824,62.623,22.633,11.693,2.438,21,0,0,1,0,0,0,1,0,0,1,0,0,1,0
1536.129,20.829,2.291,9.959,5.373,69.426,20.74,7.633,3.039,14,0,1,1,0,0,0,0,0,1,0,1,1,0,0
1499.575,12.922,4.634,3.853,18.019,57.061,24.784,15.094,2.499,6,0,0,0,0,1,0,1,0,0,0,1,0,1,0
1374.902,22.242,4.586,3.23,27.82,55.58,37.889,4.951,1.034,23,0,0,1,0,0,0,1,0,0,1,0,0,0,1
1414.415,20.129,2.475,9.873,56.981,54.474,35.467,7.092,3.01,17,0,1,0,0,0,1,0,0,1,0,1,0,0,1
978.478,29.622,4.853,4.721,54.088,69.625,16.631,11.359,3.851,32,4,0,0,0,0,1,0,1,0,1,0,1,0,0
1583.5,17.765,2.508,4.861,51.563,54.33,30.526,12.804,2.248,18,4,0,0,0,1,0,0,1,0,0,1,1,0,0
1311.531,12.791,4.449,8.593,1.582,58.364,23.179,14.144,3.615,19,0,0,0,0,0,1,1,0,0,0,1,0,1,0
1093.157,13.083,1.92,5.643,55.426,55.825,29.52,12.352,1.709,4,0,0,0,0,0,1,1,0,0,0,1,0,0,1
1306.119,15.159,3.701,3.105,57.574,62.298,22.991,12.426,2.819,0,2,0,0,0,0,1,0,1,0,0,1,0,1,0
1180.349,7.925,4.762,1.355,34.426,67.242,19.395,8.936,4.816,0,1,0,0,1,0,0,1,0,0,0,1,0,1,0
1704.65,17.655,1.618,3.858,25.352,53.469,36.324,7.868,2.256,19,0,0,0,0,1,0,0,1,0,1,0,0,0,1
1909.856,19.666,1.514,6.04,16.385,60.786,21.281,12.246,4.498,12,4,0,0,0,1,0,1,0,0,0,1,0,0,1
1630.528,24.449,4.043,1.886,37.908,64.338,13.478,17.491,3.368,23,1,0,1,0,0,0,0,1,0,1,0,1,0,0
1907.69,17.853,3.31,1.521,21.435,61.728,26.685,9.555,0.702,17,0,0,0,0,1,0,0,1,0,1,0,0,0,1
1171.408,28.302,1.01,8.884,42.831,61.809,28.851,6.889,3.241,28,0,0,0,0,1,0,1,0,0,1,0,0,1,0
805.819,28.14,0.578,4.142,53.488,58.293,27.551,10.945,4.775,40,0,0,1,0,0,0,0,1,0,1,0,0,1,0
487.545,6.967,2.078,9.222,51.127,50.373,29.092,17.938,2.862,0,0,0,0,0,0,1,0,0,1,1,0,0,0,1
934.212,26.682,4.597,4.085,42.222,55.167,32.187,11.602,1.672,20,0,0,1,0,0,0,0,0,1,0,1,0,1,0
769.818,6.894,1.869,2.755,33.217,51.728,41.223,5.723,1.244,5,0,0,0,1,0,0,0,0,1,1,0,0,0,1
1106.501,7.032,4.977,7.136,43.117,64.08,16.783,17.279,2.601,2,4,0,0,0,1,0,0,1,0,1,0,0,1,0
1241.811,29.319,2.423,4.936,32.66,68.308,23.143,6.761,2.85,43,0,0,1,0,0,0,0,0,1,0,1,1,0,0
1099.843,5.029,3.396,1.641,3.737,57.194,28.007,10.45,3.299,0,0,0,0,0,1,0,0,0,1,0,1,0,1,0
1266.6,27.033,1.785,2.114,28.97,64.878,14.944,17.151,3.066,51,0,0,0,0,1,0,0,0,1,0,1,0,0,1
1746.35,17.67,2.483,8.589,15.397,56.227,26.169,13.496,4.356,17,0,0,1,0,0,0,0,0,1,0,1,0,0,1
1591.109,19.356,4.762,3.048,58.334,59.107,28.391,9.289,1.778,13,0,0,0,0,0,1,0,1,0,1,0,1,0,0
1135.587,28.335,1.187,8.961,31.479,66.967,12.246,19.277,1.264,35,0,0,1,0,0,0,0,0,1,0,1,1,0,0
1963.011,17.851,2.021,3.708,34.115,61.586,23.739,12.573,1.872,19,2,0,0,1,0,0,0,1,0,1,0,0,0,1
1157.913,6.115,3.647,6.489,29.344,61.691,31.769,6.788,1.401,0,0,0,0,1,0,0,0,1,0,0,1,0,1,0
849.092,28.114,3.623,1.083,35.315,53.915,23.773,19.682,2.102,32,0,5,1,0,0,0,0,0,1,0,1,1,0,0
1137.974,9.03,1.851,2.775,14.061,65.407,23.371,8.232,3.753,0,0,0,1,0,0,0,0,1,0,1,0,0,1,0
1022.846,5.05,0.783,9.685,20.859,61.871,28.916,5.969,3.642,0,3,0,0,0,0,1,1,0,0,1,0,1,0,0
1417.077,12.15,1.793,1.657,11.902,62.027,31.115,7.378,0.611,10,0,0,0,0,0,1,0,0,1,1,0,1,0,0
1083.604,10.063,4.687,6.389,18.509,62.367,20.159,15.063,2.297,1,0,0,0,0,0,1,0,0,1,1,0,0,0,1
870.509,23.643,1.193,8.077,52.641,52.601,26.667,19.974,1.5,28,0,4,0,0,0,1,0,0,1,1,0,1,0,0
2061.271,17.884,3.309,1.369,26.917,65.805,12.349,17.423,4.395,13,0,0,0,1,0,0,0,1,0,0,1,0,1,0
1836.23,18.308,4.557,3.591,38.567,56.294,34.671,6.002,2.806,14,4,0,0,1,0,0,1,0,0,1,0,0,0,1
1660.529,10.879,1.602,2.357,35.605,66.303,12.816,18.327,3.339,26,0,0,0,0,1,0,0,0,1,0,1,1,0,0
1710.435,15.918,3.435,9.832,49.791,54.42,23.341,19.463,3.039,13,0,0,0,0,1,0,0,0,1,1,0,1,0,0
1033.799,11.967,1.283,8.223,40.919,49.742,27.884,18.365,2.911,13,0,0,0,0,0,1,0,0,1,0,1,0,1,0
1648.779,20.949,1.312,8.901,15.925,65.97,13.512,16.116,2.791,26,0,0,0,1,0,0,1,0,0,0,1,0,1,0
1684.148,23.104,2.443,3.089,31.219,63.939,19.363,14.27,0.832,23,0,2,0,1,0,0,0,0,1,1,0,1,0,0
1192.157,11.195,0.812,9.845,14.758,53.609,25.552,18.322,3.874,9,1,0,0,0,1,0,1,0,0,1,0,0,1,0
1181.342,23.751,3.699,5.675,49.297,53.025,36.132,5.174,4.724,21,0,0,1,0,0,0,0,1,0,1,0,0,1,0
1348.093,13.788,3.915,1.202,35.077,54.612,26.949,17.358,0.59,5,0,0,0,1,0,0,0,1,0,0,1,0,0,1
975.255,9.879,1.287,9.564,34.32,68.168,11.906,15.836,4.73,4,4,0,1,0,0,0,0,1,0,1,0,0,1,0
1598.1,22.34,1.173,9.501,20.868,64.75,19.758,11.718,3.192,61,0,0,1,0,0,0,0,1,0,0,1,1,0,0
1167.588,21.122,4.504,6.83,3.662,52.583,40.504,5.54,0.56,22,0,0,0,0,1,0,0,1,0,1,0,0,0,1
1566.22,22.803,4.79,5.073,19.712,62.84,16.191,18.94,0.854,14,0,0,0,0,1,0,1,0,0,0,1,0,1,0
794.808,28.354,1.069,5.987,57.208,59.993,32.705,5.413,3.566,36,0,0,0,0,0,1,0,1,0,1,0,0,0,1
911.964,5.072,2.479,4.078,29.683,61.28,27.085,11.603,1.423,1,4,0,0,0,0,1,0,1,0,0,1,0,1,0
1578.967,17.236,2.369,6.421,51.166,52.909,29.164,14.788,4.131,19,0,0,0,1,0,0,0,1,0,1,0,0,0,1
1960.076,19.318,2.962,4.096,36.636,58.82,24.392,13.468,2.618,18,0,0,0,0,1,0,0,0,1,0,1,0,1,0
1149.095,29.703,1.96,5.004,13.146,58.134,29.812,10.198,2.187,31,0,0,0,0,1,0,0,0,1,1,0,1,0,0
1017.698,10.102,1.602,7.655,7.285,66.745,19.55,12.236,0.554,0,0,0,0,0,1,0,0,0,1,1,0,0,1,0
604.284,9.984,2.601,1.774,59.556,53.674,28.432,15.363,1.012,13,0,0,0,0,1,0,1,0,0,0,1,0,1,0
980.226,29.397,2.081,5.807,2.633,56.71,21.049,17.827,3.39,26,0,0,0,0,0,1,0,0,1,0,1,0,0,1
1127.645,5.046,3.612,5.928,13.709,67.593,16.407,13.188,2.984,1,0,0,1,0,0,0,0,1,0,1,0,0,1,0
1250.704,5.055,2.192,5.367,30.05,59.574,30.106,7.278,2.281,0,0,0,0,1,0,0,0,1,0,0,1,1,0,0
1562.036,15.094,2.181,4.791,5.801,61.394,26.354,8.714,3.949,5,0,0,1,0,0,0,0,0,1,1,0,0,1,0
1509.211,24.677,3.492,1.662,56.371,60.779,21.476,13.657,3.023,51,0,0,0,1,0,0,0,1,0,0,1,1,0,0
1116.618,11.02,1.304,4.713,53.325,51.949,27.006,16.674,3.848,10,0,0,0,0,1,0,0,0,1,1,0,0,1,0
1268.614,10.194,3.561,4.961,22.005,60.19,30.159,6.959,3.138,2,0,0,0,1,0,0,0,0,1,1,0,0,0,1
1629.057,11.192,4.856,5.001,5.852,69.221,18.503,9.486,2.681,10,0,0,0,1,0,0,1,0,0,1,0,1,0,0
704.933,26.507,3.232,6.169,9.316,51.171,35.149,11.438,2.412,21,3,0,1,0,0,0,1,0,0,0,1,0,1,0
1854.896,15.785,3.375,6.082,28.08,58.835,27.167,9.481,3.479,4,0,5,1,0,0,0,0,0,1,0,1,1,0,0
1423.516,24.632,2.825,7.477,38.307,57.38,25.499,13.294,4.567,24,0,0,1,0,0,0,0,0,1,1,0,0,1,0
1647.534,11.099,2.734,2.201,37.972,67.869,14.806,14.656,2.863,24,0,0,0,0,1,0,0,1,0,0,1,1,0,0
1034.67,5.064,2.062,9.002,50.312,65.068,24.103,5.483,4.738,5,0,0,0,0,1,0,0,0,1,0,1,0,1,0
1410.783,21.748,4.814,3.248,54.408,57.825,24.848,14.523,1.468,14,0,0,0,0,1,0,0,0,1,0,1,1,0,0
1075.439,5.001,4.327,3.817,8.683,61.885,28.014,9.23,1.49,0,0,0,1,0,0,0,0,0,1,0,1,0,0,1
1442.445,11.15,1.156,8.895,18.108,68.371,21.71,9.131,1.647,3,1,0,0,0,1,0,0,1,0,0,1,0,0,1
858.604,7.065,0.748,4.368,45.652,51.825,27.05,18.336,3.071,15,0,0,0,1,0,0,0,0,1,0,1,1,0,0
1478.393,18.03,2.897,5.871,40.641,50.269,32.046,14.986,2.117,8,0,0,0,0,0,1,0,1,0,0,1,1,0,0
1595.485,13.047,4.55,1.342,48.334,64.534,18.194,15.797,2.243,9,0,0,0,1,0,0,1,0,0,0,1,0,0,1
1349.746,21.007,4.644,5.695,11.731,55.382,29.807,12.613,2.126,38,0,0,1,0,0,0,1,0,0,0,1,0,0,1
1764.96,18.846,4.396,6.234,27.796,57.041,20.69,19.886,2.587,16,2,0,1,0,0,0,1,0,0,0,1,0,1,0
880.696,29.075,2.133,8.379,21.758,56.753,26.152,14.56,1.967,24,0,0,0,0,0,1,0,1,0,0,1,0,0,1
1432.938,22.166,1.222,5.531,34.734,66.86,21.113,9.399,1.886,22,0,0,0,0,0,1,0,0,1,0,1,0,0,1
1719.492,23.343,2.698,10.012,22.632,63.088,23.065,10.083,3.781,22,0,0,0,1,0,0,1,0,0,1,0,0,0,1
923.756,5.027,2.293,8.931,44.874,55.733,26.549,15.33,1.874,11,0,0,0,1,0,0,0,1,0,0,1,0,0,1
1033.914,8.084,1.042,8.464,6.822,62.424,23.398,14.776,0.804,0,0,0,0,0,1,0,1,0,0,1,0,1,0,0
947.522,8.878,2.044,9.413,7.708,53.867,24.181,18.001,4.09,3,0,0,0,0,1,0,0,1,0,0,1,1,0,0
1431.158,20.968,3.948,7.213,2.427,62.055,22.309,15.285,0.897,23,0,0,0,0,0,1,0,0,1,1,0,1,0,0
1763.399,16.666,2.921,9.455,19.377,61.943,21.367,15.083,1.352,19,1,0,0,0,0,1,0,1,0,1,0,0,0,1
864.778,26.726,4.763,6.093,58.024,67.314,16.148,16.42,1.068,31,0,0,1,0,0,0,0,1,0,1,0,0,0,1
1229.647,5.045,4.688,7.539,3.797,67.452,13.646,15.406,3.96,1,1,0,0,1,0,0,1,0,0,1,0,1,0,0
1180.378,5.098,3.77,6.445,23.124,65.701,21.599,8.705,3.779,0,0,1,0,0,1,0,0,0,1,0,1,0,0,1
1607.617,17.711,2.404,3.374,30.901,52.374,30.162,14.8,2.834,19,3,0,0,0,1,0,0,1,0,1,0,0,0,1
1721.388,13.945,4.454,4.736,31.726,62.445,28.256,5.641,4.377,10,0,0,0,0,1,0,0,1,0,1,0,1,0,0
1476.62,25.3,4.812,6.687,7.111,60.002,24.036,15.626,0.927,21,0,0,0,0,1,0,0,1,0,1,0,0,1,0
1302.093,12.846,2.536,5.744,41.396,66.64,11.446,16.042,4.949,9,0,3,0,0,0,1,0,0,1,1,0,0,0,1
420.8,7.015,4.832,9.204,24.16,49.978,43.636,5.338,0.941,1,0,7,0,0,0,1,0,0,1,1,0,0,1,0
1765.072,16.149,1.452,7.364,35.514,69.17,9.915,15.838,4.672,5,0,0,1,0,0,0,0,1,0,0,1,1,0,0
1881.552,16.074,4.707,1.351,40.421,68.905,18.049,12.734,1.747,25,2,0,0,1,0,0,0,1,0,0,1,0,1,0
779.881,4.938,4.927,4.074,35.382,50.406,38.49,6.368,3.631,2,2,0,0,0,1,0,1,0,0,0,1,0,0,1
1052.677,29.826,1.356,1.853,19.111,57.013,27.004,12.537,4.07,34,0,0,0,1,0,0,1,0,0,0,1,0,1,0
1006.521,29.329,0.766,7.492,49.124,60.24,23.696,14.216,2.107,31,0,0,0,0,1,0,0,1,0,1,0,0,1,0
1505.728,13.028,3.586,4.348,3.039,56.405,31.08,10.352,2.138,7,0,0,0,1,0,0,0,0,1,1,0,1,0,0
1067.326,22.545,2.284,2.189,54.615,52.139,34.342,10.867,2.236,21,3,0,0,1,0,0,0,1,0,0,1,0,1,0
1379.238,22.23,2.117,5.337,17.847,54.155,34.186,5.33,4.874,19,0,0,0,0,1,0,0,0,1,1,0,0,1,0
1473.97,21.591,1.236,4.01,1.935,61.493,20.537,13.532,4.455,24,0,0,1,0,0,0,1,0,0,1,0,0,0,1
1578.035,21.206,3.213,8.161,52.683,62.875,25.426,6.548,3.776,17,0,0,0,0,1,0,0,0,1,0,1,0,0,1
1367.68,16.798,1.198,3.158,20.055,50.567,31.486,17.029,0.925,23,0,0,1,0,0,0,0,1,0,1,0,0,0,1
1179.124,13.238,4.87,9.455,16.074,50.093,25.809,19.389,4.052,11,0,0,0,0,1,0,0,1,0,1,0,0,0,1
747.162,27.852,4.124,7.611,16.286,57.492,30.14,12.83,0.684,38,0,7,0,0,0,1,0,0,1,0,1,0,1,0
873.443,25.82,3.522,6.108,58.762,65.687,15.688,15.584,2.455,30,3,0,0,0,0,1,1,0,0,1,0,1,0,0
1597.834,20.705,4.802,2.343,29.365,68.222,9.584,19.054,2.243,40,0,0,0,1,0,0,0,1,0,0,1,0,1,0
1516.969,13.891,3.858,5.114,54.424,63.8,17.132,14.832,4.199,10,0,0,0,0,1,0,0,1,0,0,1,0,1,0
1102.05,21.316,1.597,8.541,17.768,53.467,37.371,10.105,0.627,21,0,0,1,0,0,0,1,0,0,1,0,0,0,1
1216.21,12.238,1.817,6.323,2.864,59.123,27.487,12.749,0.832,18,0,0,0,0,0,1,0,1,0,0,1,0,1,0
1665.184,11.937,4.207,2.028,30.079,66.902,8.888,18.805,4.686,7,0,0,0,1,0,0,0,1,0,0,1,1,0,0
1185.954,7.984,2.749,8.312,49.52,67.166,9.798,19.22,3.334,8,0,0,0,1,0,0,0,0,1,0,1,0,1,0
1308.967,12.107,3.704,5.357,39.985,52.276,34.019,7.988,4.297,10,0,0,1,0,0,0,1,0,0,1,0,1,0,0
1189.777,25.386,1.595,4.4,56.975,55.954,26.143,14.544,4.402,18,0,0,0,0,1,0,0,1,0,1,0,1,0,0
1183.73,13.048,2.515,6.887,50.839,51.752,36.449,10.784,1.803,14,0,0,0,1,0,0,1,0,0,0,1,1,0,0
1577.965,24.892,1.366,4.964,33.393,60.496,24.794,9.885,4.25,25,0,0,0,0,1,0,0,1,0,1,0,0,0,1
1659.344,20.927,2.252,9.353,23.001,67.942,19.979,9.386,2.828,24,4,0,0,1,0,0,1,0,0,1,0,1,0,0
1266.881,9.07,2.324,5.853,14.833,60.49,29.26,6.911,2.923,19,0,0,0,1,0,0,1,0,0,0,1,0,1,0
1203.265,23.523,2.541,2.43,36.353,56.279,31.501,12.021,0.736,23,3,0,1,0,0,0,0,1,0,1,0,0,1,0
916.174,5.024,1.377,4.379,56.379,56.426,21.557,18.282,2.512,0,0,0,0,0,1,0,0,0,1,1,0,1,0,0
2028.461,17.896,3.485,9.124,26.061,65.123,19.05,13.204,2.867,32,0,0,1,0,0,0,1,0,0,0,1,1,0,0
1181.176,26.306,4.049,8.585,6.619,62.349,19.128,14.369,3.797,36,0,0,0,0,0,1,1,0,0,0,1,1,0,0
1030.209,27.544,4.633,1.991,32.521,61.955,16.343,17.115,4.668,40,0,0,0,0,0,1,1,0,0,0,1,0,0,1
1629.224,13.046,2.844,7.973,11.494,65.376,17.841,14.309,3.332,0,1,0,0,0,1,0,0,1,0,0,1,0,1,0
1406.078,13.989,4.699,6.199,37.812,58.624,18.902,19.469,3.749,6,1,0,0,0,0,1,0,1,0,0,1,0,1,0
1664.208,12.068,3.616,9.078,15.268,57.994,25.41,14.001,3.162,17,0,0,0,1,0,0,0,0,1,0,1,1,0,0
1036.87,27.513,1.872,3.939,46.06,56.798,24.042,15.117,4.943,37,0,0,0,1,0,0,1,0,0,0,1,1,0,0
1376.414,30.096,1.546,3.246,25.662,61.712,13.363,19.984,4.023,24,0,0,0,1,0,0,0,0,1,0,1,1,0,0
1174.092,7.017,4.066,7.967,2.405,67.043,15.769,15.151,1.464,0,0,0,0,1,0,0,0,1,0,1,0,1,0,0
1407.493,24.058,2.251,4.773,56.545,57.693,31.717,6.676,3.217,22,0,0,0,0,1,0,1,0,0,0,1,0,1,0
1127.177,7.029,1.803,5.647,51.356,65.667,14.994,16.412,3.876,0,0,0,1,0,0,0,1,0,0,0,1,1,0,0
1765.92,18.127,2.501,5.269,23.65,63.528,17.885,13.629,4.881,20,0,6,1,0,0,0,0,0,1,1,0,0,1,0
1174.643,9.11,2.23,8.335,30.627,65.272,19.411,13.788,1.911,0,1,0,0,1,0,0,1,0,0,1,0,0,0,1
1665.319,11.89,4.055,2.88,28.449,59.678,29.92,7.423,3.147,9,0,0,0,1,0,0,0,1,0,1,0,1,0,0
794.004,6.078,3.391,5.997,4.392,53.942,30.491,12.723,2.621,2,0,0,0,0,0,1,0,1,0,0,1,0,1,0
812.386,28.998,1.354,2.378,55.789,69.002,12.819,13.156,4.201,18,2,0,1,0,0,0,0,1,0,0,1,0,0,1
1513.217,24.577,1.934,5.293,20.978,59.118,20.265,18.482,1.429,24,0,0,0,0,1,0,0,0,1,1,0,0,0,1
952.533,25.541,3.834,1.647,51.711,54.924,21.12,19.254,4.653,30,0,0,0,1,0,0,0,0,1,1,0,0,1,0
748.128,29.801,2.972,7.386,33.79,53.832,27.802,16.392,1.882,26,0,4,0,0,0,1,0,0,1,1,0,0,0,1
1246.082,5.057,1.805,2.399,27.954,62.613,24.871,8.149,3.49,0,3,0,0,1,0,0,0,1,0,0,1,0,1,0
1495.843,21.174,3.631,6.094,15.873,68.758,15.916,14.986,0.885,31,2,0,0,0,1,0,0,1,0,0,1,0,0,1
1085.412,10.115,2.001,8.669,33.145,61.922,17.145,18.064,3.929,0,4,0,0,0,1,0,1,0,0,1,0,0,0,1
1391.676,13.009,0.797,7.022,36.126,61.776,23.707,13.06,1.136,2,0,0,1,0,0,0,1,0,0,0,1,0,1,0
1154.278,29.928,3.122,2.738,33.303,60.606,18.172,18.532,2.144,31,0,0,0,0,1,0,1,0,0,1,0,0,0,1
1364.834,13.803,1.501,4.077,12.853,51.161,36.994,6.297,4.242,12,0,0,0,1,0,0,0,0,1,1,0,0,1,0
1250.09,7.945,0.617,1.016,33.474,63.051,14.204,19.481,4.217,0,0,0,0,1,0,0,0,0,1,0,1,0,0,1
1317.142,26.929,0.539,4.333,5.91,64.458,12.378,19.218,4.373,35,0,0,0,1,0,0,0,0,1,1,0,1,0,0
1430.83,21.638,1.54,2.855,1.563,66.871,22.576,8.46,1.496,29,0,0,0,0,1,0,0,1,0,0,1,0,1,0
991.513,6.922,1.109,1.814,30.984,55.159,22.636,17.509,3.647,2,4,0,0,0,1,0,0,1,0,1,0,1,0,0
2105.382,16.063,4.286,7.235,21.914,62.264,23.929,10.523,3.911,22,0,0,0,1,0,0,0,0,1,0,1,1,0,0
1512.523,25.236,4.393,3.892,30.934,62.459,25.085,10.776,1.273,33,0,0,0,0,0,1,1,0,0,0,1,1,0,0
1521.062,24.478,3.732,1.949,42.366,56.797,34.556,6.917,1.212,24,0,0,0,1,0,0,0,1,0,1,0,1,0,0
982.695,13.225,0.867,5.388,46.034,51.893,28.559,15.088,4.538,10,0,0,0,0,0,1,1,0,0,1,0,0,0,1
926.23,6.034,1.312,7.577,54.467,67.748,15.866,11.689,4.305,12,0,0,0,0,1,0,0,1,0,0,1,0,1,0
963.085,26.915,2.688,6.13,51.576,66.469,14.492,18.512,0.527,29,3,0,0,0,1,0,1,0,0,0,1,0,1,0
1568.164,15.082,2.804,3.349,52.562,65.459,16.372,16.042,2.742,13,0,0,0,0,1,0,0,0,1,0,1,1,0,0
1250.181,9.103,1.852,3.936,36.622,66.537,12.056,19.621,2.485,1,0,0,0,0,1,0,1,0,0,0,1,1,0,0
648.15,7.878,3.872,4.503,11.531,50.368,34.213,12.507,2.912,17,0,0,0,0,0,1,0,0,1,0,1,0,0,1
1547.589,19.928,4.254,1.314,23.864,52.136,30.139,14.244,4.173,21,0,0,0,0,0,1,0,0,1,1,0,0,1,0
819.477,6.082,1.808,1.442,21.281,52.413,31.512,12.334,3.912,3,0,4,0,0,1,0,0,0,1,1,0,1,0,0
1516.963,20.902,3.18,1.565,2.868,58.61,23.694,15.171,3.206,26,0,6,0,1,0,0,0,0,1,1,0,1,0,0
1089.344,29.083,4.057,9.716,14.76,69.045,10.683,15.732,4.48,29,0,0,0,0,0,1,0,0,1,1,0,1,0,0
1035.845,27.095,4.284,6.241,39.872,55.428,22.095,19.026,3.643,38,0,0,0,0,1,0,0,0,1,0,1,0,1,0
1156.122,11.849,3.169,8.99,12.713,52.584,41.166,6.769,0.823,22,0,1,0,0,1,0,0,0,1,0,1,1,0,0
1130.193,7.956,1.925,7.607,24.257,56.207,24.047,15.112,3.301,3,0,0,0,0,1,0,0,0,1,0,1,1,0,0
1332.941,17.881,4.977,5.238,8.808,52.094,35.074,12.36,1.554,30,0,8,1,0,0,0,0,0,1,0,1,0,1,0
1951.559,19.621,4.219,8.883,16.98,63.618,28.427,7.192,1.631,20,1,0,1,0,0,0,0,1,0,1,0,1,0,0
1119.089,24.524,3.404,7.55,40.789,54.528,30.36,14.403,1.221,36,0,4,1,0,0,0,0,0,1,0,1,0,0,1
1653.343,18.239,0.947,3.386,22.289,55.538,37.02,5.188,1.767,13,0,0,0,0,0,1,0,1,0,1,0,0,1,0
1110.526,24.773,3.328,8.126,56.607,55.762,24.462,19.029,0.714,44,0,0,1,0,0,0,0,0,1,0,1,1,0,0
1729.571,17.012,3.26,1.593,48.509,59.015,24.993,15.548,1.396,15,0,0,0,0,1,0,0,1,0,0,1,0,1,0
1763.086,16.863,3.195,7.659,41.237,55.379,34.474,5.243,4.487,19,0,0,0,1,0,0,0,1,0,1,0,0,0,1
1715.46,20.353,1.599,4.268,5.857,56.921,29.245,14.013,0.561,17,4,0,0,1,0,0,0,1,0,1,0,1,0,0
1719.043,19.807,3.264,6.647,6.313,54.56,31.803,12.406,0.745,12,0,0,0,0,1,0,0,0,1,1,0,0,1,0
1315.75,21.938,3.99,3.667,7.511,52.268,36.908,8.446,2.219,47,0,0,0,1,0,0,1,0,0,0,1,0,1,0
1964.164,17.253,3.962,6.884,36.448,61.562,32.367,5.975,0.593,20,0,0,0,1,0,0,0,0,1,1,0,0,1,0
1403.917,12.164,1.294,7.867,37.467,53.803,29.594,13.371,2.93,7,0,0,0,1,0,0,0,1,0,1,0,1,0,0
1857.79,19.749,3.382,7.873,5.737,63.929,23.43,8.665,3.99,23,4,0,1,0,0,0,1,0,0,1,0,0,0,1
1606.007,15.182,4.027,6.974,40.132,64.362,23.114,7.977,3.239,1,0,0,1,0,0,0,0,1,0,0,1,0,1,0
1294.484,18.968,0.988,6.379,58.027,57.439,26.91,16.191,1.086,18,0,6,0,0,0,1,0,0,1,1,0,1,0,0
1461.71,21.985,3.119,2.68,6.456,58.524,29.024,10.57,1.062,26,4,0,0,1,0,0,1,0,0,0,1,0,1,0
930.86,25.619,1.002,4.739,10.511,67.157,19.159,12.17,0.755,49,0,0,0,0,0,1,1,0,0,0,1,0,1,0
1093.343,14.748,4.961,6.317,26.862,53.45,32.135,12.52,0.726,8,0,4,0,0,0,1,0,0,1,1,0,0,0,1
2009.692,17.155,1.601,5.588,46.339,69.295,20.572,6.817,3.503,16,0,0,0,1,0,0,1,0,0,1,0,1,0,0
955.562,29.996,3.771,6.048,58.544,59.145,30.894,7.486,3.491,29,0,0,0,1,0,0,0,1,0,1,0,0,0,1
1125.268,21.944,4.348,1.252,49.282,51.288,35.97,9.995,2.734,27,1,0,1,0,0,0,0,1,0,1,0,1,0,0
1596.521,11.101,1.735,10.067,7.439,62.517,27.71,6.892,3.251,10,0,0,0,0,1,0,0,0,1,1,0,0,1,0
1175.644,14.149,1.076,6.864,24.721,49.938,36.42,9.207,4.099,10,0,0,0,0,1,0,1,0,0,1,0,0,1,0
588.719,27.618,1.589,6.573,60.006,52.749,32.974,12.087,1.779,20,2,0,0,1,0,0,0,1,0,0,1,0,0,1
1688.38,15.066,4.69,5.273,36.984,60.382,17.199,18.858,3.09,24,0,0,0,1,0,0,0,0,1,0,1,0,1,0
1269.465,13.796,4.75,5.47,49.341,55.858,27.209,11.445,4.935,11,0,0,1,0,0,0,0,0,1,1,0,0,1,0
1221.002,26.261,4.69,9.207,22.672,63.269,27.778,7.129,1.071,24,0,0,1,0,0,0,0,0,1,0,1,1,0,0
1197.61,5.031,1.938,8.53,35.313,68.612,20.796,7.085,4.012,0,0,0,0,1,0,0,0,0,1,1,0,0,0,1
754.437,10.183,0.661,7.937,45.506,51.257,32.335,12.088,4.341,1,0,0,0,1,0,0,0,0,1,1,0,0,0,1
1427.221,16.707,3.096,7.578,59.458,54.664,33.747,9.293,3.465,16,1,0,0,0,1,0,0,1,0,1,0,0,0,1
1118.894,22.592,4.442,2.393,17.944,50.29,31.723,13.223,4.676,11,0,0,0,0,0,1,1,0,0,0,1,1,0,0
1084.473,9.913,3.572,2.259,40.256,65.814,12.139,17.607,3.337,9,3,0,0,0,0,1,1,0,0,0,1,1,0,0
